id,name,height,weight,base_experience,hp,attack,defense,special_attack,special_defense,speed,primary_type,secondary_type,n_types
1,bulbasaur,7,69,64,45,49,49,65,65,45,grass,poison,2
2,ivysaur,10,130,142,60,62,63,80,80,60,grass,poison,2
3,venusaur,20,1000,236,80,82,83,100,100,80,grass,poison,2
4,charmander,6,85,62,39,52,43,60,50,65,fire,,1
5,charmeleon,11,190,142,58,64,58,80,65,80,fire,,1
6,charizard,17,905,240,78,84,78,109,85,100,fire,flying,2
7,squirtle,5,90,63,44,48,65,50,64,43,water,,1
8,wartortle,10,225,142,59,63,80,65,80,58,water,,1
9,blastoise,16,855,239,79,83,100,85,105,78,water,,1
10,caterpie,3,29,39,45,30,35,20,20,45,bug,,1
11,metapod,7,99,72,50,20,55,25,25,30,bug,,1
12,butterfree,11,320,178,60,45,50,90,80,70,bug,flying,2
13,weedle,3,32,39,40,35,30,20,20,50,bug,poison,2
14,kakuna,6,100,72,45,25,50,25,25,35,bug,poison,2
15,beedrill,10,295,178,65,90,40,45,80,75,bug,poison,2
16,pidgey,3,18,50,40,45,40,35,35,56,normal,flying,2
17,pidgeotto,11,300,122,63,60,55,50,50,71,normal,flying,2
18,pidgeot,15,395,216,83,80,75,70,70,101,normal,flying,2
19,rattata,3,35,51,30,56,35,25,35,72,normal,,1
20,raticate,7,185,145,55,81,60,50,70,97,normal,,1
21,spearow,3,20,52,40,60,30,31,31,70,normal,flying,2
22,fearow,12,380,155,65,90,65,61,61,100,normal,flying,2
23,ekans,20,69,58,35,60,44,40,54,55,poison,,1
24,arbok,35,650,157,60,95,69,65,79,80,poison,,1
25,pikachu,4,60,112,35,55,40,50,50,90,electric,,1
26,raichu,8,300,218,60,90,55,90,80,110,electric,,1
27,sandshrew,6,120,60,50,75,85,20,30,40,ground,,1
28,sandslash,10,295,158,75,100,110,45,55,65,ground,,1
29,nidoran-f,4,70,55,55,47,52,40,40,41,poison,,1
30,nidorina,8,200,128,70,62,67,55,55,56,poison,,1
31,nidoqueen,13,600,227,90,92,87,75,85,76,poison,ground,2
32,nidoran-m,5,90,55,46,57,40,40,40,50,poison,,1
33,nidorino,9,195,128,61,72,57,55,55,65,poison,,1
34,nidoking,14,620,227,81,102,77,85,75,85,poison,ground,2
35,clefairy,6,75,113,70,45,48,60,65,35,fairy,,1
36,clefable,13,400,217,95,70,73,95,90,60,fairy,,1
37,vulpix,6,99,60,38,41,40,50,65,65,fire,,1
38,ninetales,11,199,177,73,76,75,81,100,100,fire,,1
39,jigglypuff,5,55,95,115,45,20,45,25,20,normal,fairy,2
40,wigglytuff,10,120,196,140,70,45,85,50,45,normal,fairy,2
41,zubat,8,75,49,40,45,35,30,40,55,poison,flying,2
42,golbat,16,550,159,75,80,70,65,75,90,poison,flying,2
43,oddish,5,54,64,45,50,55,75,65,30,grass,poison,2
44,gloom,8,86,138,60,65,70,85,75,40,grass,poison,2
45,vileplume,12,186,221,75,80,85,110,90,50,grass,poison,2
46,paras,3,54,57,35,70,55,45,55,25,bug,grass,2
47,parasect,10,295,142,60,95,80,60,80,30,bug,grass,2
48,venonat,10,300,61,60,55,50,40,55,45,bug,poison,2
49,venomoth,15,125,158,70,65,60,90,75,90,bug,poison,2
50,diglett,2,8,53,10,55,25,35,45,95,ground,,1
51,dugtrio,7,333,149,35,100,50,50,70,120,ground,,1
52,meowth,4,42,58,40,45,35,40,40,90,normal,,1
53,persian,10,320,154,65,70,60,65,65,115,normal,,1
54,psyduck,8,196,64,50,52,48,65,50,55,water,,1
55,golduck,17,766,175,80,82,78,95,80,85,water,,1
56,mankey,5,280,61,40,80,35,35,45,70,fighting,,1
57,primeape,10,320,159,65,105,60,60,70,95,fighting,,1
58,growlithe,7,190,70,55,70,45,70,50,60,fire,,1
59,arcanine,19,1550,194,90,110,80,100,80,95,fire,,1
60,poliwag,6,124,60,40,50,40,40,40,90,water,,1
61,poliwhirl,10,200,135,65,65,65,50,50,90,water,,1
62,poliwrath,13,540,230,90,95,95,70,90,70,water,fighting,2
63,abra,9,195,62,25,20,15,105,55,90,psychic,,1
64,kadabra,13,565,140,40,35,30,120,70,105,psychic,,1
65,alakazam,15,480,225,55,50,45,135,95,120,psychic,,1
66,machop,8,195,61,70,80,50,35,35,35,fighting,,1
67,machoke,15,705,142,80,100,70,50,60,45,fighting,,1
68,machamp,16,1300,227,90,130,80,65,85,55,fighting,,1
69,bellsprout,7,40,60,50,75,35,70,30,40,grass,poison,2
70,weepinbell,10,64,137,65,90,50,85,45,55,grass,poison,2
71,victreebel,17,155,221,80,105,65,100,70,70,grass,poison,2
72,tentacool,9,455,67,40,40,35,50,100,70,water,poison,2
73,tentacruel,16,550,180,80,70,65,80,120,100,water,poison,2
74,geodude,4,200,60,40,80,100,30,30,20,rock,ground,2
75,graveler,10,1050,137,55,95,115,45,45,35,rock,ground,2
76,golem,14,3000,223,80,120,130,55,65,45,rock,ground,2
77,ponyta,10,300,82,50,85,55,65,65,90,fire,,1
78,rapidash,17,950,175,65,100,70,80,80,105,fire,,1
79,slowpoke,12,360,63,90,65,65,40,40,15,water,psychic,2
80,slowbro,16,785,172,95,75,110,100,80,30,water,psychic,2
81,magnemite,3,60,65,25,35,70,95,55,45,electric,steel,2
82,magneton,10,600,163,50,60,95,120,70,70,electric,steel,2
83,farfetchd,8,150,132,52,90,55,58,62,60,normal,flying,2
84,doduo,14,392,62,35,85,45,35,35,75,normal,flying,2
85,dodrio,18,852,165,60,110,70,60,60,110,normal,flying,2
86,seel,11,900,65,65,45,55,45,70,45,water,,1
87,dewgong,17,1200,166,90,70,80,70,95,70,water,ice,2
88,grimer,9,300,65,80,80,50,40,50,25,poison,,1
89,muk,12,300,175,105,105,75,65,100,50,poison,,1
90,shellder,3,40,61,30,65,100,45,25,40,water,,1
91,cloyster,15,1325,184,50,95,180,85,45,70,water,ice,2
92,gastly,13,1,62,30,35,30,100,35,80,ghost,poison,2
93,haunter,16,1,142,45,50,45,115,55,95,ghost,poison,2
94,gengar,15,405,225,60,65,60,130,75,110,ghost,poison,2
95,onix,88,2100,77,35,45,160,30,45,70,rock,ground,2
96,drowzee,10,324,66,60,48,45,43,90,42,psychic,,1
97,hypno,16,756,169,85,73,70,73,115,67,psychic,,1
98,krabby,4,65,65,30,105,90,25,25,50,water,,1
99,kingler,13,600,166,55,130,115,50,50,75,water,,1
100,voltorb,5,104,66,40,30,50,55,55,100,electric,,1
101,electrode,12,666,172,60,50,70,80,80,150,electric,,1
102,exeggcute,4,25,65,60,40,80,60,45,40,grass,psychic,2
103,exeggutor,20,1200,186,95,95,85,125,75,55,grass,psychic,2
104,cubone,4,65,64,50,50,95,40,50,35,ground,,1
105,marowak,10,450,149,60,80,110,50,80,45,ground,,1
106,hitmonlee,15,498,159,50,120,53,35,110,87,fighting,,1
107,hitmonchan,14,502,159,50,105,79,35,110,76,fighting,,1
108,lickitung,12,655,77,90,55,75,60,75,30,normal,,1
109,koffing,6,10,68,40,65,95,60,45,35,poison,,1
110,weezing,12,95,172,65,90,120,85,70,60,poison,,1
111,rhyhorn,10,1150,69,80,85,95,30,30,25,ground,rock,2
112,rhydon,19,1200,170,105,130,120,45,45,40,ground,rock,2
113,chansey,11,346,395,250,5,5,35,105,50,normal,,1
114,tangela,10,350,87,65,55,115,100,40,60,grass,,1
115,kangaskhan,22,800,172,105,95,80,40,80,90,normal,,1
116,horsea,4,80,59,30,40,70,70,25,60,water,,1
117,seadra,12,250,154,55,65,95,95,45,85,water,,1
118,goldeen,6,150,64,45,67,60,35,50,63,water,,1
119,seaking,13,390,158,80,92,65,65,80,68,water,,1
120,staryu,8,345,68,30,45,55,70,55,85,water,,1
121,starmie,11,800,182,60,75,85,100,85,115,water,psychic,2
122,mr-mime,13,545,161,40,45,65,100,120,90,psychic,fairy,2
123,scyther,15,560,100,70,110,80,55,80,105,bug,flying,2
124,jynx,14,406,159,65,50,35,115,95,95,ice,psychic,2
125,electabuzz,11,300,172,65,83,57,95,85,105,electric,,1
126,magmar,13,445,173,65,95,57,100,85,93,fire,,1
127,pinsir,15,550,175,65,125,100,55,70,85,bug,,1
128,tauros,14,884,172,75,100,95,40,70,110,normal,,1
129,magikarp,9,100,40,20,10,55,15,20,80,water,,1
130,gyarados,65,2350,189,95,125,79,60,100,81,water,flying,2
131,lapras,25,2200,187,130,85,80,85,95,60,water,ice,2
132,ditto,3,40,101,48,48,48,48,48,48,normal,,1
133,eevee,3,65,65,55,55,50,45,65,55,normal,,1
134,vaporeon,10,290,184,130,65,60,110,95,65,water,,1
135,jolteon,8,245,184,65,65,60,110,95,130,electric,,1
136,flareon,9,250,184,65,130,60,95,110,65,fire,,1
137,porygon,8,365,79,65,60,70,85,75,40,normal,,1
138,omanyte,4,75,71,35,40,100,90,55,35,rock,water,2
139,omastar,10,350,173,70,60,125,115,70,55,rock,water,2
140,kabuto,5,115,71,30,80,90,55,45,55,rock,water,2
141,kabutops,13,405,173,60,115,105,65,70,80,rock,water,2
142,aerodactyl,18,590,180,80,105,65,60,75,130,rock,flying,2
143,snorlax,21,4600,189,160,110,65,65,110,30,normal,,1
144,articuno,17,554,261,90,85,100,95,125,85,ice,flying,2
145,zapdos,16,526,261,90,90,85,125,90,100,electric,flying,2
146,moltres,20,600,261,90,100,90,125,85,90,fire,flying,2
147,dratini,18,33,60,41,64,45,50,50,50,dragon,,1
148,dragonair,40,165,147,61,84,65,70,70,70,dragon,,1
149,dragonite,22,2100,270,91,134,95,100,100,80,dragon,flying,2
150,mewtwo,20,1220,306,106,110,90,154,90,130,psychic,,1
151,mew,4,40,270,100,100,100,100,100,100,psychic,,1
152,chikorita,9,64,64,45,49,65,49,65,45,grass,,1
153,bayleef,12,158,142,60,62,80,63,80,60,grass,,1
154,meganium,18,1005,236,80,82,100,83,100,80,grass,,1
155,cyndaquil,5,79,62,39,52,43,60,50,65,fire,,1
156,quilava,9,190,142,58,64,58,80,65,80,fire,,1
157,typhlosion,17,795,240,78,84,78,109,85,100,fire,,1
158,totodile,6,95,63,50,65,64,44,48,43,water,,1
159,croconaw,11,250,142,65,80,80,59,63,58,water,,1
160,feraligatr,23,888,239,85,105,100,79,83,78,water,,1
161,sentret,8,60,43,35,46,34,35,45,20,normal,,1
162,furret,18,325,145,85,76,64,45,55,90,normal,,1
163,hoothoot,7,212,52,60,30,30,36,56,50,normal,flying,2
164,noctowl,16,408,158,100,50,50,86,96,70,normal,flying,2
165,ledyba,10,108,53,40,20,30,40,80,55,bug,flying,2
166,ledian,14,356,137,55,35,50,55,110,85,bug,flying,2
167,spinarak,5,85,50,40,60,40,40,40,30,bug,poison,2
168,ariados,11,335,140,70,90,70,60,70,40,bug,poison,2
169,crobat,18,750,241,85,90,80,70,80,130,poison,flying,2
170,chinchou,5,120,66,75,38,38,56,56,67,water,electric,2
171,lanturn,12,225,161,125,58,58,76,76,67,water,electric,2
172,pichu,3,20,41,20,40,15,35,35,60,electric,,1
173,cleffa,3,30,44,50,25,28,45,55,15,fairy,,1
174,igglybuff,3,10,42,90,30,15,40,20,15,normal,fairy,2
175,togepi,3,15,49,35,20,65,40,65,20,fairy,,1
176,togetic,6,32,142,55,40,85,80,105,40,fairy,flying,2
177,natu,2,20,64,40,50,45,70,45,70,psychic,flying,2
178,xatu,15,150,165,65,75,70,95,70,95,psychic,flying,2
179,mareep,6,78,56,55,40,40,65,45,35,electric,,1
180,flaaffy,8,133,128,70,55,55,80,60,45,electric,,1
181,ampharos,14,615,230,90,75,85,115,90,55,electric,,1
182,bellossom,4,58,221,75,80,95,90,100,50,grass,,1
183,marill,4,85,88,70,20,50,20,50,40,water,fairy,2
184,azumarill,8,285,189,100,50,80,60,80,50,water,fairy,2
185,sudowoodo,12,380,144,70,100,115,30,65,30,rock,,1
186,politoed,11,339,225,90,75,75,90,100,70,water,,1
187,hoppip,4,5,50,35,35,40,35,55,50,grass,flying,2
188,skiploom,6,10,119,55,45,50,45,65,80,grass,flying,2
189,jumpluff,8,30,207,75,55,70,55,95,110,grass,flying,2
190,aipom,8,115,72,55,70,55,40,55,85,normal,,1
191,sunkern,3,18,36,30,30,30,30,30,30,grass,,1
192,sunflora,8,85,149,75,75,55,105,85,30,grass,,1
193,yanma,12,380,78,65,65,45,75,45,95,bug,flying,2
194,wooper,4,85,42,55,45,45,25,25,15,water,ground,2
195,quagsire,14,750,151,95,85,85,65,65,35,water,ground,2
196,espeon,9,265,184,65,65,60,130,95,110,psychic,,1
197,umbreon,10,270,184,95,65,110,60,130,65,dark,,1
198,murkrow,5,21,81,60,85,42,85,42,91,dark,flying,2
199,slowking,20,795,172,95,75,80,100,110,30,water,psychic,2
200,misdreavus,7,10,87,60,60,60,85,85,85,ghost,,1
201,unown,5,50,118,48,72,48,72,48,48,psychic,,1
202,wobbuffet,13,285,142,190,33,58,33,58,33,psychic,,1
203,girafarig,15,415,159,70,80,65,90,65,85,normal,psychic,2
204,pineco,6,72,58,50,65,90,35,35,15,bug,,1
205,forretress,12,1258,163,75,90,140,60,60,40,bug,steel,2
206,dunsparce,15,140,145,100,70,70,65,65,45,normal,,1
207,gligar,11,648,86,65,75,105,35,65,85,ground,flying,2
208,steelix,92,4000,179,75,85,200,55,65,30,steel,ground,2
209,snubbull,6,78,60,60,80,50,40,40,30,fairy,,1
210,granbull,14,487,158,90,120,75,60,60,45,fairy,,1
211,qwilfish,5,39,88,65,95,85,55,55,85,water,poison,2
212,scizor,18,1180,175,70,130,100,55,80,65,bug,steel,2
213,shuckle,6,205,177,20,10,230,10,230,5,bug,rock,2
214,heracross,15,540,175,80,125,75,40,95,85,bug,fighting,2
215,sneasel,9,280,86,55,95,55,35,75,115,dark,ice,2
216,teddiursa,6,88,66,60,80,50,50,50,40,normal,,1
217,ursaring,18,1258,175,90,130,75,75,75,55,normal,,1
218,slugma,7,350,50,40,40,40,70,40,20,fire,,1
219,magcargo,8,550,151,60,50,120,90,80,30,fire,rock,2
220,swinub,4,65,50,50,50,40,30,30,50,ice,ground,2
221,piloswine,11,558,158,100,100,80,60,60,50,ice,ground,2
222,corsola,6,50,144,65,55,95,65,95,35,water,rock,2
223,remoraid,6,120,60,35,65,35,65,35,65,water,,1
224,octillery,9,285,168,75,105,75,105,75,45,water,,1
225,delibird,9,160,116,45,55,45,65,45,75,ice,flying,2
226,mantine,21,2200,170,85,40,70,80,140,70,water,flying,2
227,skarmory,17,505,163,65,80,140,40,70,70,steel,flying,2
228,houndour,6,108,66,45,60,30,80,50,65,dark,fire,2
229,houndoom,14,350,175,75,90,50,110,80,95,dark,fire,2
230,kingdra,18,1520,243,75,95,95,95,95,85,water,dragon,2
231,phanpy,5,335,66,90,60,60,40,40,40,ground,,1
232,donphan,11,1200,175,90,120,120,60,60,50,ground,,1
233,porygon2,6,325,180,85,80,90,105,95,60,normal,,1
234,stantler,14,712,163,73,95,62,85,65,85,normal,,1
235,smeargle,12,580,88,55,20,35,20,45,75,normal,,1
236,tyrogue,7,210,42,35,35,35,35,35,35,fighting,,1
237,hitmontop,14,480,159,50,95,95,35,110,70,fighting,,1
238,smoochum,4,60,61,45,30,15,85,65,65,ice,psychic,2
239,elekid,6,235,72,45,63,37,65,55,95,electric,,1
240,magby,7,214,73,45,75,37,70,55,83,fire,,1
241,miltank,12,755,172,95,80,105,40,70,100,normal,,1
242,blissey,15,468,608,255,10,10,75,135,55,normal,,1
243,raikou,19,1780,261,90,85,75,115,100,115,electric,,1
244,entei,21,1980,261,115,115,85,90,75,100,fire,,1
245,suicune,20,1870,261,100,75,115,90,115,85,water,,1
246,larvitar,6,720,60,50,64,50,45,50,41,rock,ground,2
247,pupitar,12,1520,144,70,84,70,65,70,51,rock,ground,2
248,tyranitar,20,2020,270,100,134,110,95,100,61,rock,dark,2
249,lugia,52,2160,306,106,90,130,90,154,110,psychic,flying,2
250,ho-oh,38,1990,306,106,130,90,110,154,90,fire,flying,2
251,celebi,6,50,270,100,100,100,100,100,100,psychic,grass,2
252,treecko,5,50,62,40,45,35,65,55,70,grass,,1
253,grovyle,9,216,142,50,65,45,85,65,95,grass,,1
254,sceptile,17,522,239,70,85,65,105,85,120,grass,,1
255,torchic,4,25,62,45,60,40,70,50,45,fire,,1
256,combusken,9,195,142,60,85,60,85,60,55,fire,fighting,2
257,blaziken,19,520,239,80,120,70,110,70,80,fire,fighting,2
258,mudkip,4,76,62,50,70,50,50,50,40,water,,1
259,marshtomp,7,280,142,70,85,70,60,70,50,water,ground,2
260,swampert,15,819,241,100,110,90,85,90,60,water,ground,2
261,poochyena,5,136,56,35,55,35,30,30,35,dark,,1
262,mightyena,10,370,147,70,90,70,60,60,70,dark,,1
263,zigzagoon,4,175,56,38,30,41,30,41,60,normal,,1
264,linoone,5,325,147,78,70,61,50,61,100,normal,,1
265,wurmple,3,36,56,45,45,35,20,30,20,bug,,1
266,silcoon,6,100,72,50,35,55,25,25,15,bug,,1
267,beautifly,10,284,178,60,70,50,100,50,65,bug,flying,2
268,cascoon,7,115,72,50,35,55,25,25,15,bug,,1
269,dustox,12,316,173,60,50,70,50,90,65,bug,poison,2
270,lotad,5,26,44,40,30,30,40,50,30,water,grass,2
271,lombre,12,325,119,60,50,50,60,70,50,water,grass,2
272,ludicolo,15,550,216,80,70,70,90,100,70,water,grass,2
273,seedot,5,40,44,40,40,50,30,30,30,grass,,1
274,nuzleaf,10,280,119,70,70,40,60,40,60,grass,dark,2
275,shiftry,13,596,216,90,100,60,90,60,80,grass,dark,2
276,taillow,3,23,54,40,55,30,30,30,85,normal,flying,2
277,swellow,7,198,159,60,85,60,75,50,125,normal,flying,2
278,wingull,6,95,54,40,30,30,55,30,85,water,flying,2
279,pelipper,12,280,154,60,50,100,95,70,65,water,flying,2
280,ralts,4,66,40,28,25,25,45,35,40,psychic,fairy,2
281,kirlia,8,202,97,38,35,35,65,55,50,psychic,fairy,2
282,gardevoir,16,484,233,68,65,65,125,115,80,psychic,fairy,2
283,surskit,5,17,54,40,30,32,50,52,65,bug,water,2
284,masquerain,8,36,159,70,60,62,100,82,80,bug,flying,2
285,shroomish,4,45,59,60,40,60,40,60,35,grass,,1
286,breloom,12,392,161,60,130,80,60,60,70,grass,fighting,2
287,slakoth,8,240,56,60,60,60,35,35,30,normal,,1
288,vigoroth,14,465,154,80,80,80,55,55,90,normal,,1
289,slaking,20,1305,252,150,160,100,95,65,100,normal,,1
290,nincada,5,55,53,31,45,90,30,30,40,bug,ground,2
291,ninjask,8,120,160,61,90,45,50,50,160,bug,flying,2
292,shedinja,8,12,83,1,90,45,30,30,40,bug,ghost,2
293,whismur,6,163,48,64,51,23,51,23,28,normal,,1
294,loudred,10,405,126,84,71,43,71,43,48,normal,,1
295,exploud,15,840,221,104,91,63,91,73,68,normal,,1
296,makuhita,10,864,47,72,60,30,20,30,25,fighting,,1
297,hariyama,23,2538,166,144,120,60,40,60,50,fighting,,1
298,azurill,2,20,38,50,20,40,20,40,20,normal,fairy,2
299,nosepass,10,970,75,30,45,135,45,90,30,rock,,1
300,skitty,6,110,52,50,45,45,35,35,50,normal,,1
301,delcatty,11,326,140,70,65,65,55,55,90,normal,,1
302,sableye,5,110,133,50,75,75,65,65,50,dark,ghost,2
303,mawile,6,115,133,50,85,85,55,55,50,steel,fairy,2
304,aron,4,600,66,50,70,100,40,40,30,steel,rock,2
305,lairon,9,1200,151,60,90,140,50,50,40,steel,rock,2
306,aggron,21,3600,239,70,110,180,60,60,50,steel,rock,2
307,meditite,6,112,56,30,40,55,40,55,60,fighting,psychic,2
308,medicham,13,315,144,60,60,75,60,75,80,fighting,psychic,2
309,electrike,6,152,59,40,45,40,65,40,65,electric,,1
310,manectric,15,402,166,70,75,60,105,60,105,electric,,1
311,plusle,4,42,142,60,50,40,85,75,95,electric,,1
312,minun,4,42,142,60,40,50,75,85,95,electric,,1
313,volbeat,7,177,151,65,73,75,47,85,85,bug,,1
314,illumise,6,177,151,65,47,75,73,85,85,bug,,1
315,roselia,3,20,140,50,60,45,100,80,65,grass,poison,2
316,gulpin,4,103,60,70,43,53,43,53,40,poison,,1
317,swalot,17,800,163,100,73,83,73,83,55,poison,,1
318,carvanha,8,208,61,45,90,20,65,20,65,water,dark,2
319,sharpedo,18,888,161,70,120,40,95,40,95,water,dark,2
320,wailmer,20,1300,80,130,70,35,70,35,60,water,,1
321,wailord,145,3980,175,170,90,45,90,45,60,water,,1
322,numel,7,240,61,60,60,40,65,45,35,fire,ground,2
323,camerupt,19,2200,161,70,100,70,105,75,40,fire,ground,2
324,torkoal,5,804,165,70,85,140,85,70,20,fire,,1
325,spoink,7,306,66,60,25,35,70,80,60,psychic,,1
326,grumpig,9,715,165,80,45,65,90,110,80,psychic,,1
327,spinda,11,50,126,60,60,60,60,60,60,normal,,1
328,trapinch,7,150,58,45,100,45,45,45,10,ground,,1
329,vibrava,11,153,119,50,70,50,50,50,70,ground,dragon,2
330,flygon,20,820,234,80,100,80,80,80,100,ground,dragon,2
331,cacnea,4,513,67,50,85,40,85,40,35,grass,,1
332,cacturne,13,774,166,70,115,60,115,60,55,grass,dark,2
333,swablu,4,12,62,45,40,60,40,75,50,normal,flying,2
334,altaria,11,206,172,75,70,90,70,105,80,dragon,flying,2
335,zangoose,13,403,160,73,115,60,60,60,90,normal,,1
336,seviper,27,525,160,73,100,60,100,60,65,poison,,1
337,lunatone,10,1680,161,90,55,65,95,85,70,rock,psychic,2
338,solrock,12,1540,161,90,95,85,55,65,70,rock,psychic,2
339,barboach,4,19,58,50,48,43,46,41,60,water,ground,2
340,whiscash,9,236,164,110,78,73,76,71,60,water,ground,2
341,corphish,6,115,62,43,80,65,50,35,35,water,,1
342,crawdaunt,11,328,164,63,120,85,90,55,55,water,dark,2
343,baltoy,5,215,60,40,40,55,40,70,55,ground,psychic,2
344,claydol,15,1080,175,60,70,105,70,120,75,ground,psychic,2
345,lileep,10,238,71,66,41,77,61,87,23,rock,grass,2
346,cradily,15,604,173,86,81,97,81,107,43,rock,grass,2
347,anorith,7,125,71,45,95,50,40,50,75,rock,bug,2
348,armaldo,15,682,173,75,125,100,70,80,45,rock,bug,2
349,feebas,6,74,40,20,15,20,10,55,80,water,,1
350,milotic,62,1620,189,95,60,79,100,125,81,water,,1
351,castform,3,8,147,70,70,70,70,70,70,normal,,1
352,kecleon,10,220,154,60,90,70,60,120,40,normal,,1
353,shuppet,6,23,59,44,75,35,63,33,45,ghost,,1
354,banette,11,125,159,64,115,65,83,63,65,ghost,,1
355,duskull,8,150,59,20,40,90,30,90,25,ghost,,1
356,dusclops,16,306,159,40,70,130,60,130,25,ghost,,1
357,tropius,20,1000,161,99,68,83,72,87,51,grass,flying,2
358,chimecho,6,10,159,75,50,80,95,90,65,psychic,,1
359,absol,12,470,163,65,130,60,75,60,75,dark,,1
360,wynaut,6,140,52,95,23,48,23,48,23,psychic,,1
361,snorunt,7,168,60,50,50,50,50,50,50,ice,,1
362,glalie,15,2565,168,80,80,80,80,80,80,ice,,1
363,spheal,8,395,58,70,40,50,55,50,25,ice,water,2
364,sealeo,11,876,144,90,60,70,75,70,45,ice,water,2
365,walrein,14,1506,239,110,80,90,95,90,65,ice,water,2
366,clamperl,4,525,69,35,64,85,74,55,32,water,,1
367,huntail,17,270,170,55,104,105,94,75,52,water,,1
368,gorebyss,18,226,170,55,84,105,114,75,52,water,,1
369,relicanth,10,234,170,100,90,130,45,65,55,water,rock,2
370,luvdisc,6,87,116,43,30,55,40,65,97,water,,1
371,bagon,6,421,60,45,75,60,40,30,50,dragon,,1
372,shelgon,11,1105,147,65,95,100,60,50,50,dragon,,1
373,salamence,15,1026,270,95,135,80,110,80,100,dragon,flying,2
374,beldum,6,952,60,40,55,80,35,60,30,steel,psychic,2
375,metang,12,2025,147,60,75,100,55,80,50,steel,psychic,2
376,metagross,16,5500,270,80,135,130,95,90,70,steel,psychic,2
377,regirock,17,2300,261,80,100,200,50,100,50,rock,,1
378,regice,18,1750,261,80,50,100,100,200,50,ice,,1
379,registeel,19,2050,261,80,75,150,75,150,50,steel,,1
380,latias,14,400,270,80,80,90,110,130,110,dragon,psychic,2
381,latios,20,600,270,80,90,80,130,110,110,dragon,psychic,2
382,kyogre,45,3520,302,100,100,90,150,140,90,water,,1
383,groudon,35,9500,302,100,150,140,100,90,90,ground,,1
384,rayquaza,70,2065,306,105,150,90,150,90,95,dragon,flying,2
385,jirachi,3,11,270,100,100,100,100,100,100,steel,psychic,2
386,deoxys-normal,17,608,270,50,150,50,150,50,150,psychic,,1
387,turtwig,4,102,64,55,68,64,45,55,31,grass,,1
388,grotle,11,970,142,75,89,85,55,65,36,grass,,1
389,torterra,22,3100,236,95,109,105,75,85,56,grass,ground,2
390,chimchar,5,62,62,44,58,44,58,44,61,fire,,1
391,monferno,9,220,142,64,78,52,78,52,81,fire,fighting,2
392,infernape,12,550,240,76,104,71,104,71,108,fire,fighting,2
393,piplup,4,52,63,53,51,53,61,56,40,water,,1
394,prinplup,8,230,142,64,66,68,81,76,50,water,,1
395,empoleon,17,845,239,84,86,88,111,101,60,water,steel,2
396,starly,3,20,49,40,55,30,30,30,60,normal,flying,2
397,staravia,6,155,119,55,75,50,40,40,80,normal,flying,2
398,staraptor,12,249,218,85,120,70,50,60,100,normal,flying,2
399,bidoof,5,200,50,59,45,40,35,40,31,normal,,1
400,bibarel,10,315,144,79,85,60,55,60,71,normal,water,2
401,kricketot,3,22,39,37,25,41,25,41,25,bug,,1
402,kricketune,10,255,134,77,85,51,55,51,65,bug,,1
403,shinx,5,95,53,45,65,34,40,34,45,electric,,1
404,luxio,9,305,127,60,85,49,60,49,60,electric,,1
405,luxray,14,420,235,80,120,79,95,79,70,electric,,1
406,budew,2,12,56,40,30,35,50,70,55,grass,poison,2
407,roserade,9,145,232,60,70,65,125,105,90,grass,poison,2
408,cranidos,9,315,70,67,125,40,30,30,58,rock,,1
409,rampardos,16,1025,173,97,165,60,65,50,58,rock,,1
410,shieldon,5,570,70,30,42,118,42,88,30,rock,steel,2
411,bastiodon,13,1495,173,60,52,168,47,138,30,rock,steel,2
412,burmy,2,34,45,40,29,45,29,45,36,bug,,1
413,wormadam-plant,5,65,148,60,59,85,79,105,36,bug,grass,2
414,mothim,9,233,148,70,94,50,94,50,66,bug,flying,2
415,combee,3,55,49,30,30,42,30,42,70,bug,flying,2
416,vespiquen,12,385,166,70,80,102,80,102,40,bug,flying,2
417,pachirisu,4,39,142,60,45,70,45,90,95,electric,,1
418,buizel,7,295,66,55,65,35,60,30,85,water,,1
419,floatzel,11,335,173,85,105,55,85,50,115,water,,1
420,cherubi,4,33,55,45,35,45,62,53,35,grass,,1
421,cherrim,5,93,158,70,60,70,87,78,85,grass,,1
422,shellos,3,63,65,76,48,48,57,62,34,water,,1
423,gastrodon,9,299,166,111,83,68,92,82,39,water,ground,2
424,ambipom,12,203,169,75,100,66,60,66,115,normal,,1
425,drifloon,4,12,70,90,50,34,60,44,70,ghost,flying,2
426,drifblim,12,150,174,150,80,44,90,54,80,ghost,flying,2
427,buneary,4,55,70,55,66,44,44,56,85,normal,,1
428,lopunny,12,333,168,65,76,84,54,96,105,normal,,1
429,mismagius,9,44,173,60,60,60,105,105,105,ghost,,1
430,honchkrow,9,273,177,100,125,52,105,52,71,dark,flying,2
431,glameow,5,39,62,49,55,42,42,37,85,normal,,1
432,purugly,10,438,158,71,82,64,64,59,112,normal,,1
433,chingling,2,6,57,45,30,50,65,50,45,psychic,,1
434,stunky,4,192,66,63,63,47,41,41,74,poison,dark,2
435,skuntank,10,380,168,103,93,67,71,61,84,poison,dark,2
436,bronzor,5,605,60,57,24,86,24,86,23,steel,psychic,2
437,bronzong,13,1870,175,67,89,116,79,116,33,steel,psychic,2
438,bonsly,5,150,58,50,80,95,10,45,10,rock,,1
439,mime-jr,6,130,62,20,25,45,70,90,60,psychic,fairy,2
440,happiny,6,244,110,100,5,5,15,65,30,normal,,1
441,chatot,5,19,144,76,65,45,92,42,91,normal,flying,2
442,spiritomb,10,1080,170,50,92,108,92,108,35,ghost,dark,2
443,gible,7,205,60,58,70,45,40,45,42,dragon,ground,2
444,gabite,14,560,144,68,90,65,50,55,82,dragon,ground,2
445,garchomp,19,950,270,108,130,95,80,85,102,dragon,ground,2
446,munchlax,6,1050,78,135,85,40,40,85,5,normal,,1
447,riolu,7,202,57,40,70,40,35,40,60,fighting,,1
448,lucario,12,540,184,70,110,70,115,70,90,fighting,steel,2
449,hippopotas,8,495,66,68,72,78,38,42,32,ground,,1
450,hippowdon,20,3000,184,108,112,118,68,72,47,ground,,1
451,skorupi,8,120,66,40,50,90,30,55,65,poison,bug,2
452,drapion,13,615,175,70,90,110,60,75,95,poison,dark,2
453,croagunk,7,230,60,48,61,40,61,40,50,poison,fighting,2
454,toxicroak,13,444,172,83,106,65,86,65,85,poison,fighting,2
455,carnivine,14,270,159,74,100,72,90,72,46,grass,,1
456,finneon,4,70,66,49,49,56,49,61,66,water,,1
457,lumineon,12,240,161,69,69,76,69,86,91,water,,1
458,mantyke,10,650,69,45,20,50,60,120,50,water,flying,2
459,snover,10,505,67,60,62,50,62,60,40,grass,ice,2
460,abomasnow,22,1355,173,90,92,75,92,85,60,grass,ice,2
461,weavile,11,340,179,70,120,65,45,85,125,dark,ice,2
462,magnezone,12,1800,241,70,70,115,130,90,60,electric,steel,2
463,lickilicky,17,1400,180,110,85,95,80,95,50,normal,,1
464,rhyperior,24,2828,241,115,140,130,55,55,40,ground,rock,2
465,tangrowth,20,1286,187,100,100,125,110,50,50,grass,,1
466,electivire,18,1386,243,75,123,67,95,85,95,electric,,1
467,magmortar,16,680,243,75,95,67,125,95,83,fire,,1
468,togekiss,15,380,245,85,50,95,120,115,80,fairy,flying,2
469,yanmega,19,515,180,86,76,86,116,56,95,bug,flying,2
470,leafeon,10,255,184,65,110,130,60,65,95,grass,,1
471,glaceon,8,259,184,65,60,110,130,95,65,ice,,1
472,gliscor,20,425,179,75,95,125,45,75,95,ground,flying,2
473,mamoswine,25,2910,239,110,130,80,70,60,80,ice,ground,2
474,porygon-z,9,340,241,85,80,70,135,75,90,normal,,1
475,gallade,16,520,233,68,125,65,65,115,80,psychic,fighting,2
476,probopass,14,3400,184,60,55,145,75,150,40,rock,steel,2
477,dusknoir,22,1066,236,45,100,135,65,135,45,ghost,,1
478,froslass,13,266,168,70,80,70,80,70,110,ice,ghost,2
479,rotom,3,3,154,50,50,77,95,77,91,electric,ghost,2
480,uxie,3,3,261,75,75,130,75,130,95,psychic,,1
481,mesprit,3,3,261,80,105,105,105,105,80,psychic,,1
482,azelf,3,3,261,75,125,70,125,70,115,psychic,,1
483,dialga,54,6830,306,100,120,120,150,100,90,steel,dragon,2
484,palkia,42,3360,306,90,120,100,150,120,100,water,dragon,2
485,heatran,17,4300,270,91,90,106,130,106,77,fire,steel,2
486,regigigas,37,4200,302,110,160,110,80,110,100,normal,,1
487,giratina-altered,45,7500,306,150,100,120,100,120,90,ghost,dragon,2
488,cresselia,15,856,270,120,70,110,75,120,85,psychic,,1
489,phione,4,31,216,80,80,80,80,80,80,water,,1
490,manaphy,3,14,270,100,100,100,100,100,100,water,,1
491,darkrai,15,505,270,70,90,90,135,90,125,dark,,1
492,shaymin-land,2,21,270,100,100,100,100,100,100,grass,,1
493,arceus,32,3200,324,120,120,120,120,120,120,normal,,1
494,victini,4,40,270,100,100,100,100,100,100,psychic,fire,2
495,snivy,6,81,62,45,45,55,45,55,63,grass,,1
496,servine,8,160,145,60,60,75,60,75,83,grass,,1
497,serperior,33,630,238,75,75,95,75,95,113,grass,,1
498,tepig,5,99,62,65,63,45,45,45,45,fire,,1
499,pignite,10,555,146,90,93,55,70,55,55,fire,fighting,2
500,emboar,16,1500,238,110,123,65,100,65,65,fire,fighting,2
501,oshawott,5,59,62,55,55,45,63,45,45,water,,1
502,dewott,8,245,145,75,75,60,83,60,60,water,,1
503,samurott,15,946,238,95,100,85,108,70,70,water,,1
504,patrat,5,116,51,45,55,39,35,39,42,normal,,1
505,watchog,11,270,147,60,85,69,60,69,77,normal,,1
506,lillipup,4,41,55,45,60,45,25,45,55,normal,,1
507,herdier,9,147,130,65,80,65,35,65,60,normal,,1
508,stoutland,12,610,225,85,110,90,45,90,80,normal,,1
509,purrloin,4,101,56,41,50,37,50,37,66,dark,,1
510,liepard,11,375,156,64,88,50,88,50,106,dark,,1
511,pansage,6,105,63,50,53,48,53,48,64,grass,,1
512,simisage,11,305,174,75,98,63,98,63,101,grass,,1
513,pansear,6,110,63,50,53,48,53,48,64,fire,,1
514,simisear,10,280,174,75,98,63,98,63,101,fire,,1
515,panpour,6,135,63,50,53,48,53,48,64,water,,1
516,simipour,10,290,174,75,98,63,98,63,101,water,,1
517,munna,6,233,58,76,25,45,67,55,24,psychic,,1
518,musharna,11,605,170,116,55,85,107,95,29,psychic,,1
519,pidove,3,21,53,50,55,50,36,30,43,normal,flying,2
520,tranquill,6,150,125,62,77,62,50,42,65,normal,flying,2
521,unfezant,12,290,220,80,115,80,65,55,93,normal,flying,2
522,blitzle,8,298,59,45,60,32,50,32,76,electric,,1
523,zebstrika,16,795,174,75,100,63,80,63,116,electric,,1
524,roggenrola,4,180,56,55,75,85,25,25,15,rock,,1
525,boldore,9,1020,137,70,105,105,50,40,20,rock,,1
526,gigalith,17,2600,232,85,135,130,60,80,25,rock,,1
527,woobat,4,21,65,65,45,43,55,43,72,psychic,flying,2
528,swoobat,9,105,149,67,57,55,77,55,114,psychic,flying,2
529,drilbur,3,85,66,60,85,40,30,45,68,ground,,1
530,excadrill,7,404,178,110,135,60,50,65,88,ground,steel,2
531,audino,11,310,390,103,60,86,60,86,50,normal,,1
532,timburr,6,125,61,75,80,55,25,35,35,fighting,,1
533,gurdurr,12,400,142,85,105,85,40,50,40,fighting,,1
534,conkeldurr,14,870,227,105,140,95,55,65,45,fighting,,1
535,tympole,5,45,59,50,50,40,50,40,64,water,,1
536,palpitoad,8,170,134,75,65,55,65,55,69,water,ground,2
537,seismitoad,15,620,229,105,95,75,85,75,74,water,ground,2
538,throh,13,555,163,120,100,85,30,85,45,fighting,,1
539,sawk,14,510,163,75,125,75,30,75,85,fighting,,1
540,sewaddle,3,25,62,45,53,70,40,60,42,bug,grass,2
541,swadloon,5,73,133,55,63,90,50,80,42,bug,grass,2
542,leavanny,12,205,225,75,103,80,70,80,92,bug,grass,2
543,venipede,4,53,52,30,45,59,30,39,57,bug,poison,2
544,whirlipede,12,585,126,40,55,99,40,79,47,bug,poison,2
545,scolipede,25,2005,218,60,100,89,55,69,112,bug,poison,2
546,cottonee,3,6,56,40,27,60,37,50,66,grass,fairy,2
547,whimsicott,7,66,168,60,67,85,77,75,116,grass,fairy,2
548,petilil,5,66,56,45,35,50,70,50,30,grass,,1
549,lilligant,11,163,168,70,60,75,110,75,90,grass,,1
550,basculin-red-striped,10,180,161,70,92,65,80,55,98,water,,1
551,sandile,7,152,58,50,72,35,35,35,65,ground,dark,2
552,krokorok,10,334,123,60,82,45,45,45,74,ground,dark,2
553,krookodile,15,963,234,95,117,80,65,70,92,ground,dark,2
554,darumaka,6,375,63,70,90,45,15,45,50,fire,,1
555,darmanitan-standard,13,929,168,105,140,55,30,55,95,fire,,1
556,maractus,10,280,161,75,86,67,106,67,60,grass,,1
557,dwebble,3,145,65,50,65,85,35,35,55,bug,rock,2
558,crustle,14,2000,170,70,105,125,65,75,45,bug,rock,2
559,scraggy,6,118,70,50,75,70,35,70,48,dark,fighting,2
560,scrafty,11,300,171,65,90,115,45,115,58,dark,fighting,2
561,sigilyph,14,140,172,72,58,80,103,80,97,psychic,flying,2
562,yamask,5,15,61,38,30,85,55,65,30,ghost,,1
563,cofagrigus,17,765,169,58,50,145,95,105,30,ghost,,1
564,tirtouga,7,165,71,54,78,103,53,45,22,water,rock,2
565,carracosta,12,810,173,74,108,133,83,65,32,water,rock,2
566,archen,5,95,71,55,112,45,74,45,70,rock,flying,2
567,archeops,14,320,177,75,140,65,112,65,110,rock,flying,2
568,trubbish,6,310,66,50,50,62,40,62,65,poison,,1
569,garbodor,19,1073,166,80,95,82,60,82,75,poison,,1
570,zorua,7,125,66,40,65,40,80,40,65,dark,,1
571,zoroark,16,811,179,60,105,60,120,60,105,dark,,1
572,minccino,4,58,60,55,50,40,40,40,75,normal,,1
573,cinccino,5,75,165,75,95,60,65,60,115,normal,,1
574,gothita,4,58,58,45,30,50,55,65,45,psychic,,1
575,gothorita,7,180,137,60,45,70,75,85,55,psychic,,1
576,gothitelle,15,440,221,70,55,95,95,110,65,psychic,,1
577,solosis,3,10,58,45,30,40,105,50,20,psychic,,1
578,duosion,6,80,130,65,40,50,125,60,30,psychic,,1
579,reuniclus,10,201,221,110,65,75,125,85,30,psychic,,1
580,ducklett,5,55,61,62,44,50,44,50,55,water,flying,2
581,swanna,13,242,166,75,87,63,87,63,98,water,flying,2
582,vanillite,4,57,61,36,50,50,65,60,44,ice,,1
583,vanillish,11,410,138,51,65,65,80,75,59,ice,,1
584,vanilluxe,13,575,241,71,95,85,110,95,79,ice,,1
585,deerling,6,195,67,60,60,50,40,50,75,normal,grass,2
586,sawsbuck,19,925,166,80,100,70,60,70,95,normal,grass,2
587,emolga,4,50,150,55,75,60,75,60,103,electric,flying,2
588,karrablast,5,59,63,50,75,45,40,45,60,bug,,1
589,escavalier,10,330,173,70,135,105,60,105,20,bug,steel,2
590,foongus,2,10,59,69,55,45,55,55,15,grass,poison,2
591,amoonguss,6,105,162,114,85,70,85,80,30,grass,poison,2
592,frillish-male,12,330,67,55,40,50,65,85,40,water,ghost,2
593,jellicent-male,22,1350,168,100,60,70,85,105,60,water,ghost,2
594,alomomola,12,316,165,165,75,80,40,45,65,water,,1
595,joltik,1,6,64,50,47,50,57,50,65,bug,electric,2
596,galvantula,8,143,165,70,77,60,97,60,108,bug,electric,2
597,ferroseed,6,188,61,44,50,91,24,86,10,grass,steel,2
598,ferrothorn,10,1100,171,74,94,131,54,116,20,grass,steel,2
599,klink,3,210,60,40,55,70,45,60,30,steel,,1
600,klang,6,510,154,60,80,95,70,85,50,steel,,1
601,klinklang,6,810,234,60,100,115,70,85,90,steel,,1
602,tynamo,2,3,55,35,55,40,45,40,60,electric,,1
603,eelektrik,12,220,142,65,85,70,75,70,40,electric,,1
604,eelektross,21,805,232,85,115,80,105,80,50,electric,,1
605,elgyem,5,90,67,55,55,55,85,55,30,psychic,,1
606,beheeyem,10,345,170,75,75,75,125,95,40,psychic,,1
607,litwick,3,31,55,50,30,55,65,55,20,ghost,fire,2
608,lampent,6,130,130,60,40,60,95,60,55,ghost,fire,2
609,chandelure,10,343,234,60,55,90,145,90,80,ghost,fire,2
610,axew,6,180,64,46,87,60,30,40,57,dragon,,1
611,fraxure,10,360,144,66,117,70,40,50,67,dragon,,1
612,haxorus,18,1055,243,76,147,90,60,70,97,dragon,,1
613,cubchoo,5,85,61,55,70,40,60,40,40,ice,,1
614,beartic,26,2600,177,95,130,80,70,80,50,ice,,1
615,cryogonal,11,1480,180,80,50,50,95,135,105,ice,,1
616,shelmet,4,77,61,50,40,85,40,65,25,bug,,1
617,accelgor,8,253,173,80,70,40,100,60,145,bug,,1
618,stunfisk,7,110,165,109,66,84,81,99,32,ground,electric,2
619,mienfoo,9,200,70,45,85,50,55,50,65,fighting,,1
620,mienshao,14,355,179,65,125,60,95,60,105,fighting,,1
621,druddigon,16,1390,170,77,120,90,60,90,48,dragon,,1
622,golett,10,920,61,59,74,50,35,50,35,ground,ghost,2
623,golurk,28,3300,169,89,124,80,55,80,55,ground,ghost,2
624,pawniard,5,102,68,45,85,70,40,40,60,dark,steel,2
625,bisharp,16,700,172,65,125,100,60,70,70,dark,steel,2
626,bouffalant,16,946,172,95,110,95,40,95,55,normal,,1
627,rufflet,5,105,70,70,83,50,37,50,60,normal,flying,2
628,braviary,15,410,179,100,123,75,57,75,80,normal,flying,2
629,vullaby,5,90,74,70,55,75,45,65,60,dark,flying,2
630,mandibuzz,12,395,179,110,65,105,55,95,80,dark,flying,2
631,heatmor,14,580,169,85,97,66,105,66,65,fire,,1
632,durant,3,330,169,58,109,112,48,48,109,bug,steel,2
633,deino,8,173,60,52,65,50,45,50,38,dark,dragon,2
634,zweilous,14,500,147,72,85,70,65,70,58,dark,dragon,2
635,hydreigon,18,1600,270,92,105,90,125,90,98,dark,dragon,2
636,larvesta,11,288,72,55,85,55,50,55,60,bug,fire,2
637,volcarona,16,460,248,85,60,65,135,105,100,bug,fire,2
638,cobalion,21,2500,261,91,90,129,90,72,108,steel,fighting,2
639,terrakion,19,2600,261,91,129,90,72,90,108,rock,fighting,2
640,virizion,20,2000,261,91,90,72,90,129,108,grass,fighting,2
641,tornadus-incarnate,15,630,261,79,115,70,125,80,111,flying,,1
642,thundurus-incarnate,15,610,261,79,115,70,125,80,111,electric,flying,2
643,reshiram,32,3300,306,100,120,100,150,120,90,dragon,fire,2
644,zekrom,29,3450,306,100,150,120,120,100,90,dragon,electric,2
645,landorus-incarnate,15,680,270,89,125,90,115,80,101,ground,flying,2
646,kyurem,30,3250,297,125,130,90,130,90,95,dragon,ice,2
647,keldeo-ordinary,14,485,261,91,72,90,129,90,108,water,fighting,2
648,meloetta-aria,6,65,270,100,77,77,128,128,90,normal,psychic,2
649,genesect,15,825,270,71,120,95,120,95,99,bug,steel,2
650,chespin,4,90,63,56,61,65,48,45,38,grass,,1
651,quilladin,7,290,142,61,78,95,56,58,57,grass,,1
652,chesnaught,16,900,239,88,107,122,74,75,64,grass,fighting,2
653,fennekin,4,94,61,40,45,40,62,60,60,fire,,1
654,braixen,10,145,143,59,59,58,90,70,73,fire,,1
655,delphox,15,390,240,75,69,72,114,100,104,fire,psychic,2
656,froakie,3,70,63,41,56,40,62,44,71,water,,1
657,frogadier,6,109,142,54,63,52,83,56,97,water,,1
658,greninja,15,400,239,72,95,67,103,71,122,water,dark,2
659,bunnelby,4,50,47,38,36,38,32,36,57,normal,,1
660,diggersby,10,424,148,85,56,77,50,77,78,normal,ground,2
661,fletchling,3,17,56,45,50,43,40,38,62,normal,flying,2
662,fletchinder,7,160,134,62,73,55,56,52,84,fire,flying,2
663,talonflame,12,245,175,78,81,71,74,69,126,fire,flying,2
664,scatterbug,3,25,40,38,35,40,27,25,35,bug,,1
665,spewpa,3,84,75,45,22,60,27,30,29,bug,,1
666,vivillon,12,170,185,80,52,50,90,50,89,bug,flying,2
667,litleo,6,135,74,62,50,58,73,54,72,fire,normal,2
668,pyroar-male,15,815,177,86,68,72,109,66,106,fire,normal,2
669,flabebe,1,1,61,44,38,39,61,79,42,fairy,,1
670,floette,2,9,130,54,45,47,75,98,52,fairy,,1
671,florges,11,100,248,78,65,68,112,154,75,fairy,,1
672,skiddo,9,310,70,66,65,48,62,57,52,grass,,1
673,gogoat,17,910,186,123,100,62,97,81,68,grass,,1
674,pancham,6,80,70,67,82,62,46,48,43,fighting,,1
675,pangoro,21,1360,173,95,124,78,69,71,58,fighting,dark,2
676,furfrou,12,280,165,75,80,60,65,90,102,normal,,1
677,espurr,3,35,71,62,48,54,63,60,68,psychic,,1
678,meowstic-male,6,85,163,74,48,76,83,81,104,psychic,,1
679,honedge,8,20,65,45,80,100,35,37,28,steel,ghost,2
680,doublade,8,45,157,59,110,150,45,49,35,steel,ghost,2
681,aegislash-shield,17,530,234,60,50,140,50,140,60,steel,ghost,2
682,spritzee,2,5,68,78,52,60,63,65,23,fairy,,1
683,aromatisse,8,155,162,101,72,72,99,89,29,fairy,,1
684,swirlix,4,35,68,62,48,66,59,57,49,fairy,,1
685,slurpuff,8,50,168,82,80,86,85,75,72,fairy,,1
686,inkay,4,35,58,53,54,53,37,46,45,dark,psychic,2
687,malamar,15,470,169,86,92,88,68,75,73,dark,psychic,2
688,binacle,5,310,61,42,52,67,39,56,50,rock,water,2
689,barbaracle,13,960,175,72,105,115,54,86,68,rock,water,2
690,skrelp,5,73,64,50,60,60,60,60,30,poison,water,2
691,dragalge,18,815,173,65,75,90,97,123,44,poison,dragon,2
692,clauncher,5,83,66,50,53,62,58,63,44,water,,1
693,clawitzer,13,353,100,71,73,88,120,89,59,water,,1
694,helioptile,5,60,58,44,38,33,61,43,70,electric,normal,2
695,heliolisk,10,210,168,62,55,52,109,94,109,electric,normal,2
696,tyrunt,8,260,72,58,89,77,45,45,48,rock,dragon,2
697,tyrantrum,25,2700,182,82,121,119,69,59,71,rock,dragon,2
698,amaura,13,252,72,77,59,50,67,63,46,rock,ice,2
699,aurorus,27,2250,104,123,77,72,99,92,58,rock,ice,2
700,sylveon,10,235,184,95,65,65,110,130,60,fairy,,1
701,hawlucha,8,215,175,78,92,75,74,63,118,fighting,flying,2
702,dedenne,2,22,151,67,58,57,81,67,101,electric,fairy,2
703,carbink,3,57,100,50,50,150,50,150,50,rock,fairy,2
704,goomy,3,28,60,45,50,35,55,75,40,dragon,,1
705,sliggoo,8,175,158,68,75,53,83,113,60,dragon,,1
706,goodra,20,1505,270,90,100,70,110,150,80,dragon,,1
707,klefki,2,30,165,57,80,91,80,87,75,steel,fairy,2
708,phantump,4,70,62,43,70,48,50,60,38,ghost,grass,2
709,trevenant,15,710,166,85,110,76,65,82,56,ghost,grass,2
710,pumpkaboo-average,4,50,67,49,66,70,44,55,51,ghost,grass,2
711,gourgeist-average,9,125,173,65,90,122,58,75,84,ghost,grass,2
712,bergmite,10,995,61,55,69,85,32,35,28,ice,,1
713,avalugg,20,5050,180,95,117,184,44,46,28,ice,,1
714,noibat,5,80,49,40,30,35,45,40,55,flying,dragon,2
715,noivern,15,850,187,85,70,80,97,80,123,flying,dragon,2
716,xerneas,30,2150,306,126,131,95,131,98,99,fairy,,1
717,yveltal,58,2030,306,126,131,95,131,98,99,dark,flying,2
718,zygarde-50,50,3050,270,108,100,121,81,95,95,dragon,ground,2
719,diancie,7,88,270,50,100,150,100,150,50,rock,fairy,2
720,hoopa,5,90,270,80,110,60,150,130,70,psychic,ghost,2
721,volcanion,17,1950,270,80,110,120,130,90,70,fire,water,2
722,rowlet,3,15,64,68,55,55,50,50,42,grass,flying,2
723,dartrix,7,160,147,78,75,75,70,70,52,grass,flying,2
724,decidueye,16,366,239,78,107,75,100,100,70,grass,ghost,2
725,litten,4,43,64,45,65,40,60,40,70,fire,,1
726,torracat,7,250,147,65,85,50,80,50,90,fire,,1
727,incineroar,18,830,239,95,115,90,80,90,60,fire,dark,2
728,popplio,4,75,64,50,54,54,66,56,40,water,,1
729,brionne,6,175,147,60,69,69,91,81,50,water,,1
730,primarina,18,440,239,80,74,74,126,116,60,water,fairy,2
731,pikipek,3,12,53,35,75,30,30,30,65,normal,flying,2
732,trumbeak,6,148,124,55,85,50,40,50,75,normal,flying,2
733,toucannon,11,260,218,80,120,75,75,75,60,normal,flying,2
734,yungoos,4,60,51,48,70,30,30,30,45,normal,,1
735,gumshoos,7,142,146,88,110,60,55,60,45,normal,,1
736,grubbin,4,44,60,47,62,45,55,45,46,bug,,1
737,charjabug,5,105,140,57,82,95,55,75,36,bug,electric,2
738,vikavolt,15,450,225,77,70,90,145,75,43,bug,electric,2
739,crabrawler,6,70,68,47,82,57,42,47,63,fighting,,1
740,crabominable,17,1800,167,97,132,77,62,67,43,fighting,ice,2
741,oricorio-baile,6,34,167,75,70,70,98,70,93,fire,flying,2
742,cutiefly,1,2,61,40,45,40,55,40,84,bug,fairy,2
743,ribombee,2,5,162,60,55,60,95,70,124,bug,fairy,2
744,rockruff,5,92,56,45,65,40,30,40,60,rock,,1
745,lycanroc-midday,8,250,170,75,115,65,55,65,112,rock,,1
746,wishiwashi-solo,2,3,61,45,20,20,25,25,40,water,,1
747,mareanie,4,80,61,50,53,62,43,52,45,poison,water,2
748,toxapex,7,145,173,50,63,152,53,142,35,poison,water,2
749,mudbray,10,1100,77,70,100,70,45,55,45,ground,,1
750,mudsdale,25,9200,175,100,125,100,55,85,35,ground,,1
751,dewpider,3,40,54,38,40,52,40,72,27,water,bug,2
752,araquanid,18,820,159,68,70,92,50,132,42,water,bug,2
753,fomantis,3,15,50,40,55,35,50,35,35,grass,,1
754,lurantis,9,185,168,70,105,90,80,90,45,grass,,1
755,morelull,2,15,57,40,35,55,65,75,15,grass,fairy,2
756,shiinotic,10,115,142,60,45,80,90,100,30,grass,fairy,2
757,salandit,6,48,64,48,44,40,71,40,77,poison,fire,2
758,salazzle,12,222,168,68,64,60,111,60,117,poison,fire,2
759,stufful,5,68,68,70,75,50,45,50,50,normal,fighting,2
760,bewear,21,1350,175,120,125,80,55,60,60,normal,fighting,2
761,bounsweet,3,32,42,42,30,38,30,38,32,grass,,1
762,steenee,7,82,102,52,40,48,40,48,62,grass,,1
763,tsareena,12,214,230,72,120,98,50,98,72,grass,,1
764,comfey,1,3,170,51,52,90,82,110,100,fairy,,1
765,oranguru,15,760,172,90,60,80,90,110,60,normal,psychic,2
766,passimian,20,828,172,100,120,90,40,60,80,fighting,,1
767,wimpod,5,120,46,25,35,40,20,30,80,bug,water,2
768,golisopod,20,1080,186,75,125,140,60,90,40,bug,water,2
769,sandygast,5,700,64,55,55,80,70,45,15,ghost,ground,2
770,palossand,13,2500,168,85,75,110,100,75,35,ghost,ground,2
771,pyukumuku,3,12,144,55,60,130,30,130,5,water,,1
772,type-null,19,1205,107,95,95,95,95,95,59,normal,,1
773,silvally,23,1005,257,95,95,95,95,95,95,normal,,1
774,minior-red-meteor,3,400,154,60,60,100,60,100,60,rock,flying,2
775,komala,4,199,168,65,115,65,75,95,65,normal,,1
776,turtonator,20,2120,170,60,78,135,91,85,36,fire,dragon,2
777,togedemaru,3,33,152,65,98,63,40,73,96,electric,steel,2
778,mimikyu-disguised,2,7,167,55,90,80,50,105,96,ghost,fairy,2
779,bruxish,9,190,166,68,105,70,70,70,92,water,psychic,2
780,drampa,30,1850,170,78,60,85,135,91,36,normal,dragon,2
781,dhelmise,39,2100,181,70,131,100,86,90,40,ghost,grass,2
782,jangmo-o,6,297,60,45,55,65,45,45,45,dragon,,1
783,hakamo-o,12,470,147,55,75,90,65,70,65,dragon,fighting,2
784,kommo-o,16,782,270,75,110,125,100,105,85,dragon,fighting,2
785,tapu-koko,18,205,257,70,115,85,95,75,130,electric,fairy,2
786,tapu-lele,12,186,257,70,85,75,130,115,95,psychic,fairy,2
787,tapu-bulu,19,455,257,70,130,115,85,95,75,grass,fairy,2
788,tapu-fini,13,212,257,70,75,115,95,130,85,water,fairy,2
789,cosmog,2,1,40,43,29,31,29,31,37,psychic,,1
790,cosmoem,1,9999,140,43,29,131,29,131,37,psychic,,1
791,solgaleo,34,2300,306,137,137,107,113,89,97,psychic,steel,2
792,lunala,40,1200,306,137,113,89,137,107,97,psychic,ghost,2
793,nihilego,12,555,257,109,53,47,127,131,103,rock,poison,2
794,buzzwole,24,3336,257,107,139,139,53,53,79,bug,fighting,2
795,pheromosa,18,250,257,71,137,37,137,37,151,bug,fighting,2
796,xurkitree,38,1000,257,83,89,71,173,71,83,electric,,1
797,celesteela,92,9999,257,97,101,103,107,101,61,steel,flying,2
798,kartana,3,1,257,59,181,131,59,31,109,grass,steel,2
799,guzzlord,55,8880,257,223,101,53,97,53,43,dark,dragon,2
800,necrozma,24,2300,270,97,107,101,127,89,79,psychic,,1
801,magearna,10,805,270,80,95,115,130,115,65,steel,fairy,2
802,marshadow,7,222,270,90,125,80,90,90,125,fighting,ghost,2
803,poipole,6,18,189,67,73,67,73,67,73,poison,,1
804,naganadel,36,1500,243,73,73,73,127,73,121,poison,dragon,2
805,stakataka,55,8200,257,61,131,211,53,101,13,rock,steel,2
806,blacephalon,18,130,257,53,127,53,151,79,107,fire,ghost,2
807,zeraora,15,445,270,88,112,75,102,80,143,electric,,1
808,meltan,2,80,135,46,65,65,55,35,34,steel,,1
809,melmetal,25,8000,270,135,143,143,80,65,34,steel,,1
810,grookey,3,50,62,50,65,50,40,40,65,grass,,1
811,thwackey,7,140,147,70,85,70,55,60,80,grass,,1
812,rillaboom,21,900,265,100,125,90,60,70,85,grass,,1
813,scorbunny,3,45,62,50,71,40,40,40,69,fire,,1
814,raboot,6,90,147,65,86,60,55,60,94,fire,,1
815,cinderace,14,330,265,80,116,75,65,75,119,fire,,1
816,sobble,3,40,62,50,40,40,70,40,70,water,,1
817,drizzile,7,115,147,65,60,55,95,55,90,water,,1
818,inteleon,19,452,265,70,85,65,125,65,120,water,,1
819,skwovet,3,25,55,70,55,55,35,35,25,normal,,1
820,greedent,6,60,161,120,95,95,55,75,20,normal,,1
821,rookidee,2,18,49,38,47,35,33,35,57,flying,,1
822,corvisquire,8,160,128,68,67,55,43,55,77,flying,,1
823,corviknight,22,750,248,98,87,105,53,85,67,flying,steel,2
824,blipbug,4,80,36,25,20,20,25,45,45,bug,,1
825,dottler,4,195,117,50,35,80,50,90,30,bug,psychic,2
826,orbeetle,4,408,253,60,45,110,80,120,90,bug,psychic,2
827,nickit,6,89,49,40,28,28,47,52,50,dark,,1
828,thievul,12,199,159,70,58,58,87,92,90,dark,,1
829,gossifleur,4,22,50,40,40,60,40,60,10,grass,,1
830,eldegoss,5,25,161,60,50,90,80,120,60,grass,,1
831,wooloo,6,60,122,42,40,55,40,45,48,normal,,1
832,dubwool,13,430,172,72,80,100,60,90,88,normal,,1
833,chewtle,3,85,57,50,64,50,38,38,44,water,,1
834,drednaw,10,1155,170,90,115,90,48,68,74,water,rock,2
835,yamper,3,135,54,59,45,50,40,50,26,electric,,1
836,boltund,10,340,172,69,90,60,90,60,121,electric,,1
837,rolycoly,3,120,48,30,40,50,40,50,30,rock,,1
838,carkol,11,780,144,80,60,90,60,70,50,rock,fire,2
839,coalossal,28,3105,255,110,80,120,80,90,30,rock,fire,2
840,applin,2,5,52,40,40,80,40,40,20,grass,dragon,2
841,flapple,3,10,170,70,110,80,95,60,70,grass,dragon,2
842,appletun,4,130,170,110,85,80,100,80,30,grass,dragon,2
843,silicobra,22,76,63,52,57,75,35,50,46,ground,,1
844,sandaconda,38,655,179,72,107,125,65,70,71,ground,,1
845,cramorant,8,180,166,70,85,55,85,95,85,flying,water,2
846,arrokuda,5,10,56,41,63,40,40,30,66,water,,1
847,barraskewda,13,300,172,61,123,60,60,50,136,water,,1
848,toxel,4,110,48,40,38,35,54,35,40,electric,poison,2
849,toxtricity-amped,16,400,176,75,98,70,114,70,75,electric,poison,2
850,sizzlipede,7,10,61,50,65,45,50,50,45,fire,bug,2
851,centiskorch,30,1200,184,100,115,65,90,90,65,fire,bug,2
852,clobbopus,6,40,62,50,68,60,50,50,32,fighting,,1
853,grapploct,16,390,168,80,118,90,70,80,42,fighting,,1
854,sinistea,1,2,62,40,45,45,74,54,50,ghost,,1
855,polteageist,2,4,178,60,65,65,134,114,70,ghost,,1
856,hatenna,4,34,53,42,30,45,56,53,39,psychic,,1
857,hattrem,6,48,130,57,40,65,86,73,49,psychic,,1
858,hatterene,21,51,255,57,90,95,136,103,29,psychic,fairy,2
859,impidimp,4,55,53,45,45,30,55,40,50,dark,fairy,2
860,morgrem,8,125,130,65,60,45,75,55,70,dark,fairy,2
861,grimmsnarl,15,610,255,95,120,65,95,75,60,dark,fairy,2
862,obstagoon,16,460,260,93,90,101,60,81,95,dark,normal,2
863,perrserker,8,280,154,70,110,100,50,60,50,steel,,1
864,cursola,10,4,179,60,95,50,145,130,30,ghost,,1
865,sirfetchd,8,1170,177,62,135,95,68,82,65,fighting,,1
866,mr-rime,15,582,182,80,85,75,110,100,70,ice,psychic,2
867,runerigus,16,666,169,58,95,145,50,105,30,ground,ghost,2
868,milcery,2,3,54,45,40,40,50,61,34,fairy,,1
869,alcremie,3,5,173,65,60,75,110,121,64,fairy,,1
870,falinks,30,620,165,65,100,100,70,60,75,fighting,,1
871,pincurchin,3,10,152,48,101,95,91,85,15,electric,,1
872,snom,3,38,37,30,25,35,45,30,20,ice,bug,2
873,frosmoth,13,420,166,70,65,60,125,90,65,ice,bug,2
874,stonjourner,25,5200,165,100,125,135,20,20,70,rock,,1
875,eiscue-ice,14,890,165,75,80,110,65,90,50,ice,,1
876,indeedee-male,9,280,166,60,65,55,105,95,95,psychic,normal,2
877,morpeko-full-belly,3,30,153,58,95,58,70,58,97,electric,dark,2
878,cufant,12,1000,66,72,80,49,40,49,40,steel,,1
879,copperajah,30,6500,175,122,130,69,80,69,30,steel,,1
880,dracozolt,18,1900,177,90,100,90,80,70,75,electric,dragon,2
881,arctozolt,23,1500,177,90,100,90,90,80,55,electric,ice,2
882,dracovish,23,2150,177,90,90,100,70,80,75,water,dragon,2
883,arctovish,20,1750,177,90,90,100,80,90,55,water,ice,2
884,duraludon,18,400,187,70,95,115,120,50,85,steel,dragon,2
885,dreepy,5,20,54,28,60,30,40,30,82,dragon,ghost,2
886,drakloak,14,110,144,68,80,50,60,50,102,dragon,ghost,2
887,dragapult,30,500,300,88,120,75,100,75,142,dragon,ghost,2
888,zacian,28,1100,335,92,120,115,80,115,138,fairy,,1
889,zamazenta,29,2100,335,92,120,115,80,115,138,fighting,,1
890,eternatus,200,9500,345,140,85,95,145,95,130,poison,dragon,2
891,kubfu,6,120,77,60,90,60,53,50,72,fighting,,1
892,urshifu-single-strike,19,1050,275,100,130,100,63,60,97,fighting,dark,2
893,zarude,18,700,300,105,120,105,70,95,105,dark,grass,2
894,regieleki,12,1450,290,80,100,50,100,50,200,electric,,1
895,regidrago,21,2000,290,200,100,50,100,50,80,dragon,,1
896,glastrier,22,8000,290,100,145,130,65,110,30,ice,,1
897,spectrier,20,445,290,100,65,60,145,80,130,ghost,,1
898,calyrex,11,77,250,100,80,80,80,80,80,psychic,grass,2
899,wyrdeer,18,951,263,103,105,72,105,75,65,normal,psychic,2
900,kleavor,18,890,175,70,135,95,45,70,85,bug,rock,2
901,ursaluna,24,2900,275,130,140,105,45,80,50,ground,normal,2
902,basculegion-male,30,1100,265,120,112,65,80,75,78,water,ghost,2
903,sneasler,13,430,102,80,130,60,40,80,120,fighting,poison,2
904,overqwil,25,605,179,85,115,95,65,65,85,dark,poison,2
905,enamorus-incarnate,16,480,116,74,115,70,135,80,106,fairy,flying,2
906,sprigatito,4,41,62,40,61,54,45,45,65,grass,,1
907,floragato,9,122,144,61,80,63,60,63,83,grass,,1
908,meowscarada,15,312,265,76,110,70,81,70,123,grass,dark,2
909,fuecoco,4,98,62,67,45,59,63,40,36,fire,,1
910,crocalor,10,307,144,81,55,78,90,58,49,fire,,1
911,skeledirge,16,3265,265,104,75,100,110,75,66,fire,ghost,2
912,quaxly,5,61,62,55,65,45,50,45,50,water,,1
913,quaxwell,12,215,144,70,85,65,65,60,65,water,,1
914,quaquaval,18,619,265,85,120,80,85,75,85,water,fighting,2
915,lechonk,5,102,51,54,45,40,35,45,35,normal,,1
916,oinkologne-male,10,1200,171,110,100,75,59,80,65,normal,,1
917,tarountula,3,40,42,35,41,45,29,40,20,bug,,1
918,spidops,10,165,141,60,79,92,52,86,35,bug,,1
919,nymble,2,10,42,33,46,40,21,25,45,bug,,1
920,lokix,10,175,158,71,102,78,52,55,92,bug,dark,2
921,pawmi,3,25,48,45,50,20,40,25,60,electric,,1
922,pawmo,4,65,123,60,75,40,50,40,85,electric,fighting,2
923,pawmot,9,410,245,70,115,70,70,60,105,electric,fighting,2
924,tandemaus,3,18,61,50,50,45,40,45,75,normal,,1
925,maushold-family-of-four,3,28,165,74,75,70,65,75,111,normal,,1
926,fidough,3,109,62,37,55,70,30,55,65,fairy,,1
927,dachsbun,5,149,167,57,80,115,50,80,95,fairy,,1
928,smoliv,3,65,52,41,35,45,58,51,30,grass,normal,2
929,dolliv,6,119,124,52,53,60,78,78,33,grass,normal,2
930,arboliva,14,482,255,78,69,90,125,109,39,grass,normal,2
931,squawkabilly-green-plumage,6,24,146,82,96,51,45,51,92,normal,flying,2
932,nacli,4,160,56,55,55,75,35,35,25,rock,,1
933,naclstack,6,1050,124,60,60,100,35,65,35,rock,,1
934,garganacl,23,2400,250,100,100,130,45,90,35,rock,,1
935,charcadet,6,105,51,40,50,40,50,40,35,fire,,1
936,armarouge,15,850,263,85,60,100,125,80,75,fire,psychic,2
937,ceruledge,16,620,263,75,125,80,60,100,85,fire,ghost,2
938,tadbulb,3,4,54,61,31,41,59,35,45,electric,,1
939,bellibolt,12,1130,173,109,64,91,103,83,45,electric,,1
940,wattrel,4,36,56,40,40,35,55,40,70,electric,flying,2
941,kilowattrel,14,386,172,70,70,60,105,60,125,electric,flying,2
942,maschiff,5,160,68,60,78,60,40,51,51,dark,,1
943,mabosstiff,11,610,177,80,120,90,60,70,85,dark,,1
944,shroodle,2,7,58,40,65,35,40,35,75,poison,normal,2
945,grafaiai,7,272,170,63,95,65,80,72,110,poison,normal,2
946,bramblin,6,6,55,40,65,30,45,35,60,grass,ghost,2
947,brambleghast,12,60,168,55,115,70,80,70,90,grass,ghost,2
948,toedscool,9,330,67,40,40,35,50,100,70,ground,grass,2
949,toedscruel,19,580,180,80,70,65,80,120,100,ground,grass,2
950,klawf,13,790,158,70,100,115,35,55,75,rock,,1
951,capsakid,3,30,61,50,62,40,62,40,50,grass,,1
952,scovillain,9,150,170,65,108,65,108,65,75,grass,fire,2
953,rellor,2,10,54,41,50,60,31,58,30,bug,,1
954,rabsca,3,35,165,75,50,85,115,100,45,bug,psychic,2
955,flittle,2,15,51,30,35,30,55,30,75,psychic,,1
956,espathra,19,900,168,95,60,60,101,60,105,psychic,,1
957,tinkatink,4,89,59,50,45,45,35,64,58,fairy,steel,2
958,tinkatuff,7,591,133,65,55,55,45,82,78,fairy,steel,2
959,tinkaton,7,1128,253,85,75,77,70,105,94,fairy,steel,2
960,wiglett,12,18,49,10,55,25,35,25,95,water,,1
961,wugtrio,12,54,149,35,100,50,50,70,120,water,,1
962,bombirdier,15,429,243,70,103,85,60,85,82,flying,dark,2
963,finizen,13,602,63,70,45,40,45,40,75,water,,1
964,palafin-zero,13,602,160,100,70,72,53,62,100,water,,1
965,varoom,10,350,60,45,70,63,30,45,47,steel,poison,2
966,revavroom,18,1200,175,80,119,90,54,67,90,steel,poison,2
967,cyclizar,16,630,175,70,95,65,85,65,121,dragon,normal,2
968,orthworm,25,3100,240,70,85,145,60,55,65,steel,,1
969,glimmet,7,80,70,48,35,42,105,60,60,rock,poison,2
970,glimmora,15,450,184,83,55,90,130,81,86,rock,poison,2
971,greavard,6,350,58,50,61,60,30,55,34,ghost,,1
972,houndstone,20,150,171,72,101,100,50,97,68,ghost,,1
973,flamigo,16,370,175,82,115,74,75,64,90,flying,fighting,2
974,cetoddle,12,450,67,108,68,45,30,40,43,ice,,1
975,cetitan,45,7000,182,170,113,65,45,55,73,ice,,1
976,veluza,25,900,167,90,102,73,78,65,70,water,psychic,2
977,dondozo,120,2200,265,150,100,115,65,65,35,water,,1
978,tatsugiri-curly,3,80,166,68,50,60,120,95,82,dragon,water,2
979,annihilape,12,560,268,110,115,80,50,90,90,fighting,ghost,2
980,clodsire,18,2230,151,130,75,60,45,100,20,poison,ground,2
981,farigiraf,32,1600,260,120,90,70,110,70,60,normal,psychic,2
982,dudunsparce-two-segment,36,392,182,125,100,80,85,75,55,normal,,1
983,kingambit,20,1200,275,100,135,120,60,85,50,dark,steel,2
984,great-tusk,22,3200,285,115,131,131,53,53,87,ground,fighting,2
985,scream-tail,12,80,285,115,65,99,65,115,111,fairy,psychic,2
986,brute-bonnet,12,210,285,111,127,99,79,99,55,grass,dark,2
987,flutter-mane,14,40,285,55,55,55,135,135,135,ghost,fairy,2
988,slither-wing,32,920,285,85,135,79,85,105,81,bug,fighting,2
989,sandy-shocks,23,600,285,85,81,97,121,85,101,electric,ground,2
990,iron-treads,9,2400,285,90,112,120,72,70,106,ground,steel,2
991,iron-bundle,6,110,285,56,80,114,124,60,136,ice,water,2
992,iron-hands,18,3807,285,154,140,108,50,68,50,fighting,electric,2
993,iron-jugulis,13,1110,285,94,80,86,122,80,108,dark,flying,2
994,iron-moth,12,360,285,80,70,60,140,110,110,fire,poison,2
995,iron-thorns,16,3030,285,100,134,110,70,84,72,rock,electric,2
996,frigibax,5,170,64,65,75,45,35,45,55,dragon,ice,2
997,arctibax,8,300,148,90,95,66,45,65,62,dragon,ice,2
998,baxcalibur,21,2100,300,115,145,92,75,86,87,dragon,ice,2
999,gimmighoul,3,50,60,45,30,70,75,70,10,ghost,,1
1000,gholdengo,12,300,275,87,60,95,133,91,84,steel,ghost,2
1001,wo-chien,15,742,285,85,85,100,95,135,70,dark,grass,2
1002,chien-pao,19,1522,285,80,120,80,90,65,135,dark,ice,2
1003,ting-lu,27,6997,285,155,110,125,55,80,45,dark,ground,2
1004,chi-yu,4,49,285,55,80,80,135,120,100,dark,fire,2
1005,roaring-moon,20,3800,295,105,139,71,55,101,119,dragon,dark,2
1006,iron-valiant,14,350,295,74,130,90,120,60,116,fairy,fighting,2
1007,koraidon,25,3030,335,100,135,115,85,100,135,fighting,dragon,2
1008,miraidon,35,2400,335,100,85,100,135,115,135,electric,dragon,2
1009,walking-wake,35,2800,295,99,83,91,125,83,109,water,dragon,2
1010,iron-leaves,15,1250,295,90,130,88,70,108,104,grass,psychic,2
1011,dipplin,4,97,170,80,80,110,95,80,40,grass,dragon,2
1012,poltchageist,1,11,62,40,45,45,74,54,50,grass,ghost,2
1013,sinistcha,2,22,178,71,60,106,121,80,70,grass,ghost,2
1014,okidogi,18,922,278,88,128,115,58,86,80,poison,fighting,2
1015,munkidori,10,122,278,88,75,66,130,90,106,poison,psychic,2
1016,fezandipiti,14,301,278,88,91,82,70,125,99,poison,fairy,2
1017,ogerpon,12,398,275,80,120,84,60,96,110,grass,,1
1018,archaludon,20,600,300,90,105,130,125,65,85,steel,dragon,2
1019,hydrapple,18,930,270,106,80,110,120,80,44,grass,dragon,2
1020,gouging-fire,35,5900,295,105,115,121,65,93,91,fire,dragon,2
1021,raging-bolt,52,4800,295,125,73,91,137,89,75,electric,dragon,2
1022,iron-boulder,15,1625,295,90,120,80,68,108,124,rock,psychic,2
1023,iron-crown,16,1560,295,90,72,100,122,108,98,steel,psychic,2
1024,terapagos,2,65,90,90,65,85,65,85,60,normal,,1
1025,pecharunt,3,3,300,88,88,160,88,88,88,poison,ghost,2
10001,deoxys-attack,17,608,270,50,180,20,180,20,150,psychic,,1
10002,deoxys-defense,17,608,270,50,70,160,70,160,90,psychic,,1
10003,deoxys-speed,17,608,270,50,95,90,95,90,180,psychic,,1
10004,wormadam-sandy,5,65,148,60,79,105,59,85,36,bug,ground,2
10005,wormadam-trash,5,65,148,60,69,95,69,95,36,bug,steel,2
10006,shaymin-sky,4,52,270,100,103,75,120,75,127,grass,flying,2
10007,giratina-origin,69,6500,340,150,120,100,120,100,90,ghost,dragon,2
10008,rotom-heat,3,3,182,50,65,107,105,107,86,electric,fire,2
10009,rotom-wash,3,3,182,50,65,107,105,107,86,electric,water,2
10010,rotom-frost,3,3,182,50,65,107,105,107,86,electric,ice,2
10011,rotom-fan,3,3,182,50,65,107,105,107,86,electric,flying,2
10012,rotom-mow,3,3,182,50,65,107,105,107,86,electric,grass,2
10013,castform-sunny,3,8,147,70,70,70,70,70,70,fire,,1
10014,castform-rainy,3,8,147,70,70,70,70,70,70,water,,1
10015,castform-snowy,3,8,147,70,70,70,70,70,70,ice,,1
10016,basculin-blue-striped,10,180,161,70,92,65,80,55,98,water,,1
10017,darmanitan-zen,13,929,189,105,30,105,140,105,55,fire,psychic,2
10018,meloetta-pirouette,6,65,270,100,128,90,77,77,128,normal,fighting,2
10019,tornadus-therian,14,630,290,79,100,80,110,90,121,flying,,1
10020,thundurus-therian,30,610,290,79,105,70,145,80,101,electric,flying,2
10021,landorus-therian,13,680,300,89,145,90,105,80,91,ground,flying,2
10022,kyurem-black,33,3250,350,125,170,100,120,90,95,dragon,ice,2
10023,kyurem-white,36,3250,350,125,120,90,170,100,95,dragon,ice,2
10024,keldeo-resolute,14,485,290,91,72,90,129,90,108,water,fighting,2
10025,meowstic-female,6,85,163,74,48,76,83,81,104,psychic,,1
10026,aegislash-blade,17,530,250,60,140,50,140,50,60,steel,ghost,2
10027,pumpkaboo-small,3,35,67,44,66,70,44,55,56,ghost,grass,2
10028,pumpkaboo-large,5,75,67,54,66,70,44,55,46,ghost,grass,2
10029,pumpkaboo-super,8,150,67,59,66,70,44,55,41,ghost,grass,2
10030,gourgeist-small,7,95,173,55,85,122,58,75,99,ghost,grass,2
10031,gourgeist-large,11,140,173,75,95,122,58,75,69,ghost,grass,2
10032,gourgeist-super,17,390,173,85,100,122,58,75,54,ghost,grass,2
10033,venusaur-mega,24,1555,281,80,100,123,122,120,80,grass,poison,2
10034,charizard-mega-x,17,1105,285,78,130,111,130,85,100,fire,dragon,2
10035,charizard-mega-y,17,1005,285,78,104,78,159,115,100,fire,flying,2
10036,blastoise-mega,16,1011,284,79,103,120,135,115,78,water,,1
10037,alakazam-mega,12,480,270,55,50,65,175,105,150,psychic,,1
10038,gengar-mega,14,405,270,60,65,80,170,95,130,ghost,poison,2
10039,kangaskhan-mega,22,1000,207,105,125,100,60,100,100,normal,,1
10040,pinsir-mega,17,590,210,65,155,120,65,90,105,bug,flying,2
10041,gyarados-mega,65,3050,224,95,155,109,70,130,81,water,dark,2
10042,aerodactyl-mega,21,790,215,80,135,85,70,95,150,rock,flying,2
10043,mewtwo-mega-x,23,1270,351,106,190,100,154,100,130,psychic,fighting,2
10044,mewtwo-mega-y,15,330,351,106,150,70,194,120,140,psychic,,1
10045,ampharos-mega,14,615,275,90,95,105,165,110,45,electric,dragon,2
10046,scizor-mega,20,1250,210,70,150,140,65,100,75,bug,steel,2
10047,heracross-mega,17,625,210,80,185,115,40,105,75,bug,fighting,2
10048,houndoom-mega,19,495,210,75,90,90,140,90,115,dark,fire,2
10049,tyranitar-mega,25,2550,315,100,164,150,95,120,71,rock,dark,2
10050,blaziken-mega,19,520,284,80,160,80,130,80,100,fire,fighting,2
10051,gardevoir-mega,16,484,278,68,85,65,165,135,100,psychic,fairy,2
10052,mawile-mega,10,235,168,50,105,125,55,95,50,steel,fairy,2
10053,aggron-mega,22,3950,284,70,140,230,60,80,50,steel,,1
10054,medicham-mega,13,315,179,60,100,85,80,85,100,fighting,psychic,2
10055,manectric-mega,18,440,201,70,75,80,135,80,135,electric,,1
10056,banette-mega,12,130,194,64,165,75,93,83,75,ghost,,1
10057,absol-mega,12,490,198,65,150,60,115,60,115,dark,,1
10058,garchomp-mega,19,950,315,108,170,115,120,95,92,dragon,ground,2
10059,lucario-mega,13,575,219,70,145,88,140,70,112,fighting,steel,2
10060,abomasnow-mega,27,1850,208,90,132,105,132,105,30,grass,ice,2
10061,floette-eternal,2,9,243,74,65,67,125,128,92,fairy,,1
10062,latias-mega,18,520,315,80,100,120,140,150,110,dragon,psychic,2
10063,latios-mega,23,700,315,80,130,100,160,120,110,dragon,psychic,2
10064,swampert-mega,19,1020,286,100,150,110,95,110,70,water,ground,2
10065,sceptile-mega,19,552,284,70,110,75,145,85,145,grass,dragon,2
10066,sableye-mega,5,1610,168,50,85,125,85,115,20,dark,ghost,2
10067,altaria-mega,15,206,207,75,110,110,110,105,80,dragon,fairy,2
10068,gallade-mega,16,564,278,68,165,95,65,115,110,psychic,fighting,2
10069,audino-mega,15,320,425,103,60,126,80,126,50,normal,fairy,2
10070,sharpedo-mega,25,1303,196,70,140,70,110,65,105,water,dark,2
10071,slowbro-mega,20,1200,207,95,75,180,130,80,30,water,psychic,2
10072,steelix-mega,105,7400,214,75,125,230,55,95,30,steel,ground,2
10073,pidgeot-mega,22,505,261,83,80,80,135,80,121,normal,flying,2
10074,glalie-mega,21,3502,203,80,120,80,120,80,100,ice,,1
10075,diancie-mega,11,278,315,50,160,110,160,110,110,rock,fairy,2
10076,metagross-mega,25,9429,315,80,145,150,105,110,110,steel,psychic,2
10077,kyogre-primal,98,4300,347,100,150,90,180,160,90,water,,1
10078,groudon-primal,50,9997,347,100,180,160,150,90,90,ground,fire,2
10079,rayquaza-mega,108,3920,351,105,180,100,180,100,115,dragon,flying,2
10080,pikachu-rock-star,4,60,112,35,55,40,50,50,90,electric,,1
10081,pikachu-belle,4,60,112,35,55,40,50,50,90,electric,,1
10082,pikachu-pop-star,4,60,112,35,55,40,50,50,90,electric,,1
10083,pikachu-phd,4,60,112,35,55,40,50,50,90,electric,,1
10084,pikachu-libre,4,60,112,35,55,40,50,50,90,electric,,1
10085,pikachu-cosplay,4,60,112,35,55,40,50,50,90,electric,,1
10086,hoopa-unbound,65,4900,306,80,160,60,170,130,80,psychic,dark,2
10087,camerupt-mega,25,3205,196,70,120,100,145,105,20,fire,ground,2
10088,lopunny-mega,13,283,203,65,136,94,54,96,135,normal,fighting,2
10089,salamence-mega,18,1126,315,95,145,130,120,90,120,dragon,flying,2
10090,beedrill-mega,14,405,223,65,150,40,15,80,145,bug,poison,2
10091,rattata-alola,3,38,51,30,56,35,25,35,72,dark,normal,2
10092,raticate-alola,7,255,145,75,71,70,40,80,77,dark,normal,2
10093,raticate-totem-alola,14,1050,145,75,71,70,40,80,77,dark,normal,2
10094,pikachu-original-cap,4,60,112,35,55,40,50,50,90,electric,,1
10095,pikachu-hoenn-cap,4,60,112,35,55,40,50,50,90,electric,,1
10096,pikachu-sinnoh-cap,4,60,112,35,55,40,50,50,90,electric,,1
10097,pikachu-unova-cap,4,60,112,35,55,40,50,50,90,electric,,1
10098,pikachu-kalos-cap,4,60,112,35,55,40,50,50,90,electric,,1
10099,pikachu-alola-cap,4,60,112,35,55,40,50,50,90,electric,,1
10100,raichu-alola,7,210,243,60,85,50,95,85,110,electric,psychic,2
10101,sandshrew-alola,7,400,60,50,75,90,10,35,40,ice,steel,2
10102,sandslash-alola,12,550,158,75,100,120,25,65,65,ice,steel,2
10103,vulpix-alola,6,99,60,38,41,40,50,65,65,ice,,1
10104,ninetales-alola,11,199,177,73,67,75,81,100,109,ice,fairy,2
10105,diglett-alola,2,10,53,10,55,30,35,45,90,ground,steel,2
10106,dugtrio-alola,7,666,149,35,100,60,50,70,110,ground,steel,2
10107,meowth-alola,4,42,58,40,35,35,50,40,90,dark,,1
10108,persian-alola,11,330,154,65,60,60,75,65,115,dark,,1
10109,geodude-alola,4,203,60,40,80,100,30,30,20,rock,electric,2
10110,graveler-alola,10,1100,137,55,95,115,45,45,35,rock,electric,2
10111,golem-alola,17,3160,223,80,120,130,55,65,45,rock,electric,2
10112,grimer-alola,7,420,65,80,80,50,40,50,25,poison,dark,2
10113,muk-alola,10,520,175,105,105,75,65,100,50,poison,dark,2
10114,exeggutor-alola,109,4156,186,95,105,85,125,75,45,grass,dragon,2
10115,marowak-alola,10,340,149,60,80,110,50,80,45,fire,ghost,2
10116,greninja-battle-bond,15,400,239,72,95,67,103,71,122,water,dark,2
10117,greninja-ash,15,400,288,72,145,67,153,71,132,water,dark,2
10118,zygarde-10-power-construct,12,335,243,54,100,71,61,85,115,dragon,ground,2
10119,zygarde-50-power-construct,50,3050,300,108,100,121,81,95,95,dragon,ground,2
10120,zygarde-complete,45,6100,354,216,100,121,91,95,85,dragon,ground,2
10121,gumshoos-totem,14,600,146,88,110,60,55,60,45,normal,,1
10122,vikavolt-totem,26,1475,225,77,70,90,145,75,43,bug,electric,2
10123,oricorio-pom-pom,6,34,167,75,70,70,98,70,93,electric,flying,2
10124,oricorio-pau,6,34,167,75,70,70,98,70,93,psychic,flying,2
10125,oricorio-sensu,6,34,167,75,70,70,98,70,93,ghost,flying,2
10126,lycanroc-midnight,11,250,170,85,115,75,55,75,82,rock,,1
10127,wishiwashi-school,82,786,217,45,140,130,140,135,30,water,,1
10128,lurantis-totem,15,580,168,70,105,90,80,90,45,grass,,1
10129,salazzle-totem,21,810,168,68,64,60,111,60,117,poison,fire,2
10130,minior-orange-meteor,3,400,154,60,60,100,60,100,60,rock,flying,2
10131,minior-yellow-meteor,3,400,154,60,60,100,60,100,60,rock,flying,2
10132,minior-green-meteor,3,400,154,60,60,100,60,100,60,rock,flying,2
10133,minior-blue-meteor,3,400,154,60,60,100,60,100,60,rock,flying,2
10134,minior-indigo-meteor,3,400,154,60,60,100,60,100,60,rock,flying,2
10135,minior-violet-meteor,3,400,154,60,60,100,60,100,60,rock,flying,2
10136,minior-red,3,3,175,60,100,60,100,60,120,rock,flying,2
10137,minior-orange,3,3,175,60,100,60,100,60,120,rock,flying,2
10138,minior-yellow,3,3,175,60,100,60,100,60,120,rock,flying,2
10139,minior-green,3,3,175,60,100,60,100,60,120,rock,flying,2
10140,minior-blue,3,3,175,60,100,60,100,60,120,rock,flying,2
10141,minior-indigo,3,3,175,60,100,60,100,60,120,rock,flying,2
10142,minior-violet,3,3,175,60,100,60,100,60,120,rock,flying,2
10143,mimikyu-busted,2,7,167,55,90,80,50,105,96,ghost,fairy,2
10144,mimikyu-totem-disguised,4,28,167,55,90,80,50,105,96,ghost,fairy,2
10145,mimikyu-totem-busted,4,28,167,55,90,80,50,105,96,ghost,fairy,2
10146,kommo-o-totem,24,2075,270,75,110,125,100,105,85,dragon,fighting,2
10147,magearna-original,10,805,300,80,95,115,130,115,65,steel,fairy,2
10148,pikachu-partner-cap,4,60,112,35,55,40,50,50,90,electric,,1
10149,marowak-totem,17,980,149,60,80,110,50,80,45,fire,ghost,2
10150,ribombee-totem,4,20,162,60,55,60,95,70,124,bug,fairy,2
10151,rockruff-own-tempo,5,92,56,45,65,40,30,40,60,rock,,1
10152,lycanroc-dusk,8,250,170,75,117,65,55,65,110,rock,,1
10153,araquanid-totem,31,2175,159,68,70,92,50,132,42,water,bug,2
10154,togedemaru-totem,6,130,152,65,98,63,40,73,96,electric,steel,2
10155,necrozma-dusk,38,4600,340,97,157,127,113,109,77,psychic,steel,2
10156,necrozma-dawn,42,3500,340,97,113,109,157,127,77,psychic,ghost,2
10157,necrozma-ultra,75,2300,339,97,167,97,167,97,129,psychic,dragon,2
10158,pikachu-starter,4,60,86,45,80,50,75,60,120,electric,,1
10159,eevee-starter,3,65,87,65,75,70,65,85,75,normal,,1
10160,pikachu-world-cap,4,60,112,35,55,40,50,50,90,electric,,1
10161,meowth-galar,4,75,58,50,65,55,40,40,40,steel,,1
10162,ponyta-galar,8,240,82,50,85,55,65,65,90,psychic,,1
10163,rapidash-galar,17,800,175,65,100,70,80,80,105,psychic,fairy,2
10164,slowpoke-galar,12,360,63,90,65,65,40,40,15,psychic,,1
10165,slowbro-galar,16,705,172,95,100,95,100,70,30,poison,psychic,2
10166,farfetchd-galar,8,420,132,52,95,55,58,62,55,fighting,,1
10167,weezing-galar,30,160,172,65,90,120,85,70,60,poison,fairy,2
10168,mr-mime-galar,14,568,161,50,65,65,90,90,100,ice,psychic,2
10169,articuno-galar,17,509,290,90,85,85,125,100,95,psychic,flying,2
10170,zapdos-galar,16,582,290,90,125,90,85,90,100,fighting,flying,2
10171,moltres-galar,20,660,290,90,85,90,100,125,90,dark,flying,2
10172,slowking-galar,18,795,172,95,65,80,110,110,30,poison,psychic,2
10173,corsola-galar,6,5,144,60,55,100,65,100,30,ghost,,1
10174,zigzagoon-galar,4,175,56,38,30,41,30,41,60,dark,normal,2
10175,linoone-galar,5,325,147,78,70,61,50,61,100,dark,normal,2
10176,darumaka-galar,7,400,63,70,90,45,15,45,50,ice,,1
10177,darmanitan-galar-standard,17,1200,168,105,140,55,30,55,95,ice,,1
10178,darmanitan-galar-zen,17,1200,189,105,160,55,30,55,135,ice,fire,2
10179,yamask-galar,5,15,61,38,55,85,30,65,30,ground,ghost,2
10180,stunfisk-galar,7,205,165,109,81,99,66,84,32,ground,steel,2
10181,zygarde-10,12,335,243,54,100,71,61,85,115,dragon,ground,2
10182,cramorant-gulping,8,180,166,70,85,55,85,95,85,flying,water,2
10183,cramorant-gorging,8,180,166,70,85,55,85,95,85,flying,water,2
10184,toxtricity-low-key,16,400,176,75,98,70,114,70,75,electric,poison,2
10185,eiscue-noice,14,890,165,75,80,70,65,50,130,ice,,1
10186,indeedee-female,9,280,166,70,55,65,95,105,85,psychic,normal,2
10187,morpeko-hangry,3,30,153,58,95,58,70,58,97,electric,dark,2
10188,zacian-crowned,28,3550,360,92,150,115,80,115,148,fairy,steel,2
10189,zamazenta-crowned,29,7850,360,92,120,140,80,140,128,fighting,steel,2
10190,eternatus-eternamax,1000,0,563,255,115,250,125,250,130,poison,dragon,2
10191,urshifu-rapid-strike,19,1050,275,100,130,100,63,60,97,fighting,water,2
10192,zarude-dada,18,700,300,105,120,105,70,95,105,dark,grass,2
10193,calyrex-ice,24,8091,340,100,165,150,85,130,50,psychic,ice,2
10194,calyrex-shadow,24,536,340,100,85,80,165,100,150,psychic,ghost,2
10195,venusaur-gmax,240,10000,236,80,82,83,100,100,80,grass,poison,2
10196,charizard-gmax,280,10000,240,78,84,78,109,85,100,fire,flying,2
10197,blastoise-gmax,250,10000,239,79,83,100,85,105,78,water,,1
10198,butterfree-gmax,170,10000,178,60,45,50,90,80,70,bug,flying,2
10199,pikachu-gmax,210,10000,112,35,55,40,50,50,90,electric,,1
10200,meowth-gmax,330,10000,58,40,45,35,40,40,90,normal,,1
10201,machamp-gmax,250,10000,227,90,130,80,65,85,55,fighting,,1
10202,gengar-gmax,200,10000,225,60,65,60,130,75,110,ghost,poison,2
10203,kingler-gmax,190,10000,166,55,130,115,50,50,75,water,,1
10204,lapras-gmax,240,10000,187,130,85,80,85,95,60,water,ice,2
10205,eevee-gmax,180,10000,65,55,55,50,45,65,55,normal,,1
10206,snorlax-gmax,350,10000,189,160,110,65,65,110,30,normal,,1
10207,garbodor-gmax,210,10000,166,80,95,82,60,82,75,poison,,1
10208,melmetal-gmax,250,10000,270,135,143,143,80,65,34,steel,,1
10209,rillaboom-gmax,280,10000,265,100,125,90,60,70,85,grass,,1
10210,cinderace-gmax,270,10000,265,80,116,75,65,75,119,fire,,1
10211,inteleon-gmax,400,10000,265,70,85,65,125,65,120,water,,1
10212,corviknight-gmax,140,10000,248,98,87,105,53,85,67,flying,steel,2
10213,orbeetle-gmax,140,10000,253,60,45,110,80,120,90,bug,psychic,2
10214,drednaw-gmax,240,10000,170,90,115,90,48,68,74,water,rock,2
10215,coalossal-gmax,420,10000,255,110,80,120,80,90,30,rock,fire,2
10216,flapple-gmax,240,10000,170,70,110,80,95,60,70,grass,dragon,2
10217,appletun-gmax,240,10000,170,110,85,80,100,80,30,grass,dragon,2
10218,sandaconda-gmax,220,10000,179,72,107,125,65,70,71,ground,,1
10219,toxtricity-amped-gmax,240,10000,176,75,98,70,114,70,75,electric,poison,2
10220,centiskorch-gmax,750,10000,184,100,115,65,90,90,65,fire,bug,2
10221,hatterene-gmax,260,10000,255,57,90,95,136,103,29,psychic,fairy,2
10222,grimmsnarl-gmax,320,10000,255,95,120,65,95,75,60,dark,fairy,2
10223,alcremie-gmax,300,10000,173,65,60,75,110,121,64,fairy,,1
10224,copperajah-gmax,230,10000,175,122,130,69,80,69,30,steel,,1
10225,duraludon-gmax,430,10000,187,70,95,115,120,50,85,steel,dragon,2
10226,urshifu-single-strike-gmax,290,10000,275,100,130,100,63,60,97,fighting,dark,2
10227,urshifu-rapid-strike-gmax,260,10000,275,100,130,100,63,60,97,fighting,water,2
10228,toxtricity-low-key-gmax,240,10000,176,75,98,70,114,70,75,electric,poison,2
10229,growlithe-hisui,8,227,70,60,75,45,65,50,55,fire,rock,2
10230,arcanine-hisui,20,1680,194,95,115,80,95,80,90,fire,rock,2
10231,voltorb-hisui,5,130,66,40,30,50,55,55,100,electric,grass,2
10232,electrode-hisui,12,710,172,60,50,70,80,80,150,electric,grass,2
10233,typhlosion-hisui,16,698,240,73,84,78,119,85,95,fire,ghost,2
10234,qwilfish-hisui,5,39,88,65,95,85,55,55,85,dark,poison,2
10235,sneasel-hisui,9,270,86,55,95,55,35,75,115,fighting,poison,2
10236,samurott-hisui,15,582,238,90,108,80,100,65,85,water,dark,2
10237,lilligant-hisui,12,192,168,70,105,75,50,75,105,grass,fighting,2
10238,zorua-hisui,7,125,66,35,60,40,85,40,70,normal,ghost,2
10239,zoroark-hisui,16,730,179,55,100,60,125,60,110,normal,ghost,2
10240,braviary-hisui,17,434,179,110,83,70,112,70,65,psychic,flying,2
10241,sliggoo-hisui,7,685,158,58,75,83,83,113,40,steel,dragon,2
10242,goodra-hisui,17,3341,270,80,100,100,110,150,60,steel,dragon,2
10243,avalugg-hisui,14,2624,180,95,127,184,34,36,38,ice,rock,2
10244,decidueye-hisui,16,370,239,88,112,80,95,95,60,grass,fighting,2
10245,dialga-origin,70,8487,306,100,100,120,150,120,90,steel,dragon,2
10246,palkia-origin,63,6590,306,90,100,100,150,120,120,water,dragon,2
10247,basculin-white-striped,10,180,161,70,92,65,80,55,98,water,,1
10248,basculegion-female,30,1100,265,120,92,65,100,75,78,water,ghost,2
10249,enamorus-therian,16,480,116,74,115,110,135,100,46,fairy,flying,2
10250,tauros-paldea-combat-breed,14,1150,172,75,110,105,30,70,100,fighting,,1
10251,tauros-paldea-blaze-breed,14,850,172,75,110,105,30,70,100,fighting,fire,2
10252,tauros-paldea-aqua-breed,14,1100,172,75,110,105,30,70,100,fighting,water,2
10253,wooper-paldea,4,110,42,55,45,45,25,25,15,poison,ground,2
10254,oinkologne-female,10,1200,171,115,90,70,59,90,65,normal,,1
10255,dudunsparce-three-segment,45,474,182,125,100,80,85,75,55,normal,,1
10256,palafin-hero,18,974,160,100,160,97,106,87,100,water,,1
10257,maushold-family-of-three,3,23,165,74,75,70,65,75,111,normal,,1
10258,tatsugiri-droopy,3,80,166,68,50,60,120,95,82,dragon,water,2
10259,tatsugiri-stretchy,3,80,166,68,50,60,120,95,82,dragon,water,2
10260,squawkabilly-blue-plumage,6,24,146,82,96,51,45,51,92,normal,flying,2
10261,squawkabilly-yellow-plumage,6,24,146,82,96,51,45,51,92,normal,flying,2
10262,squawkabilly-white-plumage,6,24,146,82,96,51,45,51,92,normal,flying,2
10263,gimmighoul-roaming,1,10,60,45,30,25,75,45,80,ghost,,1
10264,koraidon-limited-build,35,3030,335,100,135,115,85,100,135,fighting,dragon,2
10265,koraidon-sprinting-build,35,3030,335,100,135,115,85,100,135,fighting,dragon,2
10266,koraidon-swimming-build,35,3030,335,100,135,115,85,100,135,fighting,dragon,2
10267,koraidon-gliding-build,35,3030,335,100,135,115,85,100,135,fighting,dragon,2
10268,miraidon-low-power-mode,28,2400,335,100,85,100,135,115,135,electric,dragon,2
10269,miraidon-drive-mode,28,2400,335,100,85,100,135,115,135,electric,dragon,2
10270,miraidon-aquatic-mode,28,2400,335,100,85,100,135,115,135,electric,dragon,2
10271,miraidon-glide-mode,28,2400,335,100,85,100,135,115,135,electric,dragon,2
10272,ursaluna-bloodmoon,24,2900,275,113,70,120,135,65,52,ground,normal,2
10273,ogerpon-wellspring-mask,12,398,275,80,120,84,60,96,110,grass,water,2
10274,ogerpon-hearthflame-mask,12,398,275,80,120,84,60,96,110,grass,fire,2
10275,ogerpon-cornerstone-mask,12,398,275,80,120,84,60,96,110,grass,rock,2
10276,terapagos-terastal,3,160,90,95,95,110,105,110,85,normal,,1
10277,terapagos-stellar,17,770,90,160,105,110,130,110,85,normal,,1
10278,clefable-mega,17,423,,95,80,93,135,110,70,fairy,flying,2
10279,victreebel-mega,45,1255,,80,125,85,135,95,70,grass,poison,2
10280,starmie-mega,23,800,,60,100,105,130,105,120,water,psychic,2
10281,dragonite-mega,22,2900,,91,124,115,145,125,100,dragon,flying,2
10282,meganium-mega,24,2010,,80,92,115,143,115,80,grass,fairy,2
10283,feraligatr-mega,23,1088,,85,160,125,89,93,78,water,dragon,2
10284,skarmory-mega,17,404,,65,140,110,40,100,110,steel,flying,2
10285,froslass-mega,26,296,,70,80,70,140,100,120,ice,ghost,2
10286,emboar-mega,18,1803,,110,148,75,110,110,75,fire,fighting,2
10287,excadrill-mega,9,600,,110,165,100,65,65,103,ground,steel,2
10288,scolipede-mega,32,2305,,60,140,149,75,99,62,bug,poison,2
10289,scrafty-mega,11,310,,65,130,135,55,135,68,dark,fighting,2
10290,eelektross-mega,30,1800,,85,145,80,135,90,80,electric,,1
10291,chandelure-mega,25,696,,60,75,110,175,110,90,ghost,fire,2
10292,chesnaught-mega,16,900,,88,137,172,74,115,44,grass,fighting,2
10293,delphox-mega,15,390,,75,69,72,159,125,134,fire,psychic,2
10294,greninja-mega,15,400,,72,125,77,133,81,142,water,dark,2
10295,pyroar-mega,15,933,,86,88,92,129,86,126,fire,normal,2
10296,floette-mega,2,1008,,74,85,87,155,148,102,fairy,,1
10297,malamar-mega,29,698,,86,102,88,98,120,88,dark,psychic,2
10298,barbaracle-mega,22,1000,,72,140,130,64,106,88,rock,fighting,2
10299,dragalge-mega,21,1003,,65,85,105,132,163,44,poison,dragon,2
10300,hawlucha-mega,10,250,,78,137,100,74,93,118,fighting,flying,2
10301,zygarde-mega,77,6100,,216,70,91,216,85,100,dragon,ground,2
10302,drampa-mega,30,2405,,78,85,110,160,116,36,normal,dragon,2
10303,falinks-mega,16,990,,65,135,135,70,65,100,fighting,,1
10304,raichu-mega-x,12,380,,60,135,95,90,95,110,electric,,1
10305,raichu-mega-y,10,260,,60,100,55,160,80,130,electric,,1
10306,chimecho-mega,12,80,,75,50,110,135,120,65,psychic,steel,2
10307,absol-mega-z,12,490,,65,154,60,75,60,151,dark,ghost,2
10308,staraptor-mega,19,500,,85,140,100,60,90,110,fighting,flying,2
10309,garchomp-mega-z,19,990,,108,130,85,141,85,151,dragon,,1
10310,lucario-mega-z,13,494,,70,100,70,164,70,151,fighting,steel,2
10311,heatran-mega,28,5700,,91,120,106,175,141,67,fire,steel,2
10312,darkrai-mega,30,2400,,70,120,130,165,130,85,dark,,1
10313,golurk-mega,40,3300,,89,159,105,70,105,55,ground,ghost,2
10314,meowstic-male-mega,8,101,,74,48,76,143,101,124,psychic,,1
10315,crabominable-mega,26,2528,,97,157,122,62,107,33,fighting,ice,2
10316,golisopod-mega,23,1480,,75,150,175,70,120,40,bug,steel,2
10317,magearna-mega,13,2481,,80,125,115,170,115,95,steel,fairy,2
10318,magearna-original-mega,13,2481,,80,125,115,170,115,95,steel,fairy,2
10319,zeraora-mega,15,445,,88,157,75,147,80,153,electric,,1
10320,scovillain-mega,12,220,,65,138,85,138,85,75,grass,fire,2
10321,glimmora-mega,28,770,,83,90,105,150,96,101,rock,poison,2
10322,tatsugiri-curly-mega,6,240,,68,65,90,135,125,92,dragon,water,2
10323,tatsugiri-droopy-mega,6,240,,68,65,90,135,125,92,dragon,water,2
10324,tatsugiri-stretchy-mega,6,240,,68,65,90,135,125,92,dragon,water,2
10325,baxcalibur-mega,21,3150,,115,175,117,105,101,87,dragon,ice,2
10326,meowstic-female-mega,8,101,,74,48,76,143,101,124,psychic,,1
